country_name,country_code,year,peace_score
Afghanistan,AFG,2008,3.104
Afghanistan,AFG,2009,3.235
Afghanistan,AFG,2010,3.162
Afghanistan,AFG,2011,3.126
Afghanistan,AFG,2012,3.184
Afghanistan,AFG,2013,3.24
Afghanistan,AFG,2014,3.167
Afghanistan,AFG,2015,3.254
Afghanistan,AFG,2016,3.338
Afghanistan,AFG,2017,3.386
Afghanistan,AFG,2018,3.512
Afghanistan,AFG,2019,3.538
Afghanistan,AFG,2020,3.581
Afghanistan,AFG,2021,3.588
Afghanistan,AFG,2022,3.545
Afghanistan,AFG,2023,3.448
Albania,ALB,2008,1.791
Albania,ALB,2009,1.779
Albania,ALB,2010,1.781
Albania,ALB,2011,1.794
Albania,ALB,2012,1.823
Albania,ALB,2013,1.819
Albania,ALB,2014,1.824
Albania,ALB,2015,1.824
Albania,ALB,2016,1.779
Albania,ALB,2017,1.786
Albania,ALB,2018,1.723
Albania,ALB,2019,1.733
Albania,ALB,2020,1.774
Albania,ALB,2021,1.781
Albania,ALB,2022,1.764
Albania,ALB,2023,1.745
Algeria,DZA,2008,2.253
Algeria,DZA,2009,2.275
Algeria,DZA,2010,2.273
Algeria,DZA,2011,2.415
Algeria,DZA,2012,2.305
Algeria,DZA,2013,2.289
Algeria,DZA,2014,2.212
Algeria,DZA,2015,2.174
Algeria,DZA,2016,2.202
Algeria,DZA,2017,2.171
Algeria,DZA,2018,2.188
Algeria,DZA,2019,2.213
Algeria,DZA,2020,2.186
Algeria,DZA,2021,2.167
Algeria,DZA,2022,2.126
Algeria,DZA,2023,2.094
Angola,AGO,2008,1.991
Angola,AGO,2009,2.009
Angola,AGO,2010,1.943
Angola,AGO,2011,2.048
Angola,AGO,2012,1.997
Angola,AGO,2013,2.034
Angola,AGO,2014,2.065
Angola,AGO,2015,1.922
Angola,AGO,2016,1.96
Angola,AGO,2017,1.936
Angola,AGO,2018,1.988
Angola,AGO,2019,1.952
Angola,AGO,2020,1.918
Angola,AGO,2021,2.016
Angola,AGO,2022,1.97
Angola,AGO,2023,2.02
Argentina,ARG,2008,1.82
Argentina,ARG,2009,1.886
Argentina,ARG,2010,1.899
Argentina,ARG,2011,1.879
Argentina,ARG,2012,1.867
Argentina,ARG,2013,1.972
Argentina,ARG,2014,1.882
Argentina,ARG,2015,1.929
Argentina,ARG,2016,1.954
Argentina,ARG,2017,1.934
Argentina,ARG,2018,1.911
Argentina,ARG,2019,1.984
Argentina,ARG,2020,1.948
Argentina,ARG,2021,1.926
Argentina,ARG,2022,1.904
Argentina,ARG,2023,1.837
Armenia,ARM,2008,2.12
Armenia,ARM,2009,2.157
Armenia,ARM,2010,2.213
Armenia,ARM,2011,2.143
Armenia,ARM,2012,2.129
Armenia,ARM,2013,2.135
Armenia,ARM,2014,2.076
Armenia,ARM,2015,2.032
Armenia,ARM,2016,2.037
Armenia,ARM,2017,2.069
Armenia,ARM,2018,2.086
Armenia,ARM,2019,2.047
Armenia,ARM,2020,1.935
Armenia,ARM,2021,1.938
Armenia,ARM,2022,1.933
Armenia,ARM,2023,1.929
Australia,AUS,2008,1.395
Australia,AUS,2009,1.42
Australia,AUS,2010,1.394
Australia,AUS,2011,1.432
Australia,AUS,2012,1.461
Australia,AUS,2013,1.423
Australia,AUS,2014,1.382
Australia,AUS,2015,1.375
Australia,AUS,2016,1.406
Australia,AUS,2017,1.421
Australia,AUS,2018,1.418
Australia,AUS,2019,1.439
Australia,AUS,2020,1.434
Australia,AUS,2021,1.47
Australia,AUS,2022,1.565
Australia,AUS,2023,1.525
Austria,AUT,2008,1.328
Austria,AUT,2009,1.362
Austria,AUT,2010,1.362
Austria,AUT,2011,1.396
Austria,AUT,2012,1.371
Austria,AUT,2013,1.287
Austria,AUT,2014,1.277
Austria,AUT,2015,1.247
Austria,AUT,2016,1.243
Austria,AUT,2017,1.309
Austria,AUT,2018,1.272
Austria,AUT,2019,1.259
Austria,AUT,2020,1.265
Austria,AUT,2021,1.319
Austria,AUT,2022,1.31
Austria,AUT,2023,1.316
Azerbaijan,AZE,2008,2.164
Azerbaijan,AZE,2009,2.234
Azerbaijan,AZE,2010,2.238
Azerbaijan,AZE,2011,2.225
Azerbaijan,AZE,2012,2.29
Azerbaijan,AZE,2013,2.286
Azerbaijan,AZE,2014,2.299
Azerbaijan,AZE,2015,2.293
Azerbaijan,AZE,2016,2.275
Azerbaijan,AZE,2017,2.289
Azerbaijan,AZE,2018,2.264
Azerbaijan,AZE,2019,2.274
Azerbaijan,AZE,2020,2.046
Azerbaijan,AZE,2021,2.151
Azerbaijan,AZE,2022,2.173
Azerbaijan,AZE,2023,2.09
Bahrain,BHR,2008,1.879
Bahrain,BHR,2009,1.884
Bahrain,BHR,2010,1.833
Bahrain,BHR,2011,2.139
Bahrain,BHR,2012,2.049
Bahrain,BHR,2013,2.144
Bahrain,BHR,2014,2.116
Bahrain,BHR,2015,2.132
Bahrain,BHR,2016,2.191
Bahrain,BHR,2017,2.298
Bahrain,BHR,2018,2.288
Bahrain,BHR,2019,2.246
Bahrain,BHR,2020,2.148
Bahrain,BHR,2021,2.132
Bahrain,BHR,2022,2.165
Bahrain,BHR,2023,2.145
Bangladesh,BGD,2008,2.011
Bangladesh,BGD,2009,1.945
Bangladesh,BGD,2010,2.023
Bangladesh,BGD,2011,2.054
Bangladesh,BGD,2012,2.109
Bangladesh,BGD,2013,2.073
Bangladesh,BGD,2014,1.999
Bangladesh,BGD,2015,1.982
Bangladesh,BGD,2016,1.938
Bangladesh,BGD,2017,1.953
Bangladesh,BGD,2018,2.014
Bangladesh,BGD,2019,2.087
Bangladesh,BGD,2020,2.028
Bangladesh,BGD,2021,2.018
Bangladesh,BGD,2022,2.063
Bangladesh,BGD,2023,2.051
Belarus,BLR,2008,2.139
Belarus,BLR,2009,2.15
Belarus,BLR,2010,2.136
Belarus,BLR,2011,2.101
Belarus,BLR,2012,2.126
Belarus,BLR,2013,2.069
Belarus,BLR,2014,2.075
Belarus,BLR,2015,2.114
Belarus,BLR,2016,2.059
Belarus,BLR,2017,2.007
Belarus,BLR,2018,2.031
Belarus,BLR,2019,2.046
Belarus,BLR,2020,2.033
Belarus,BLR,2021,2.231
Belarus,BLR,2022,2.278
Belarus,BLR,2023,2.248
Belgium,BEL,2008,1.433
Belgium,BEL,2009,1.479
Belgium,BEL,2010,1.493
Belgium,BEL,2011,1.482
Belgium,BEL,2012,1.506
Belgium,BEL,2013,1.467
Belgium,BEL,2014,1.424
Belgium,BEL,2015,1.441
Belgium,BEL,2016,1.459
Belgium,BEL,2017,1.483
Belgium,BEL,2018,1.55
Belgium,BEL,2019,1.474
Belgium,BEL,2020,1.528
Belgium,BEL,2021,1.515
Belgium,BEL,2022,1.544
Belgium,BEL,2023,1.523
Benin,BEN,2008,2.133
Benin,BEN,2009,2.08
Benin,BEN,2010,2.096
Benin,BEN,2011,2.123
Benin,BEN,2012,2.067
Benin,BEN,2013,2.021
Benin,BEN,2014,1.972
Benin,BEN,2015,1.872
Benin,BEN,2016,1.921
Benin,BEN,2017,1.995
Benin,BEN,2018,1.914
Benin,BEN,2019,1.925
Benin,BEN,2020,2.206
Benin,BEN,2021,2.146
Benin,BEN,2022,2.176
Benin,BEN,2023,2.177
Bhutan,BTN,2008,1.818
Bhutan,BTN,2009,1.837
Bhutan,BTN,2010,1.913
Bhutan,BTN,2011,1.851
Bhutan,BTN,2012,1.64
Bhutan,BTN,2013,1.567
Bhutan,BTN,2014,1.567
Bhutan,BTN,2015,1.543
Bhutan,BTN,2016,1.469
Bhutan,BTN,2017,1.502
Bhutan,BTN,2018,1.421
Bhutan,BTN,2019,1.404
Bhutan,BTN,2020,1.417
Bhutan,BTN,2021,1.396
Bhutan,BTN,2022,1.386
Bhutan,BTN,2023,1.496
Bolivia,BOL,2008,1.952
Bolivia,BOL,2009,2.002
Bolivia,BOL,2010,2.002
Bolivia,BOL,2011,1.942
Bolivia,BOL,2012,1.998
Bolivia,BOL,2013,1.997
Bolivia,BOL,2014,1.951
Bolivia,BOL,2015,1.966
Bolivia,BOL,2016,1.891
Bolivia,BOL,2017,1.937
Bolivia,BOL,2018,1.986
Bolivia,BOL,2019,1.977
Bolivia,BOL,2020,2.037
Bolivia,BOL,2021,2.018
Bolivia,BOL,2022,1.977
Bolivia,BOL,2023,2.001
Bosnia and Herzegovina,BIH,2008,1.702
Bosnia and Herzegovina,BIH,2009,1.773
Bosnia and Herzegovina,BIH,2010,1.778
Bosnia and Herzegovina,BIH,2011,1.773
Bosnia and Herzegovina,BIH,2012,1.816
Bosnia and Herzegovina,BIH,2013,1.785
Bosnia and Herzegovina,BIH,2014,1.738
Bosnia and Herzegovina,BIH,2015,1.802
Bosnia and Herzegovina,BIH,2016,1.794
Bosnia and Herzegovina,BIH,2017,1.897
Bosnia and Herzegovina,BIH,2018,1.917
Bosnia and Herzegovina,BIH,2019,1.884
Bosnia and Herzegovina,BIH,2020,1.9
Bosnia and Herzegovina,BIH,2021,1.855
Bosnia and Herzegovina,BIH,2022,1.857
Bosnia and Herzegovina,BIH,2023,1.892
Botswana,BWA,2008,1.796
Botswana,BWA,2009,1.796
Botswana,BWA,2010,1.845
Botswana,BWA,2011,1.842
Botswana,BWA,2012,1.774
Botswana,BWA,2013,1.725
Botswana,BWA,2014,1.862
Botswana,BWA,2015,1.763
Botswana,BWA,2016,1.728
Botswana,BWA,2017,1.737
Botswana,BWA,2018,1.768
Botswana,BWA,2019,1.801
Botswana,BWA,2020,1.815
Botswana,BWA,2021,1.761
Botswana,BWA,2022,1.814
Botswana,BWA,2023,1.762
Brazil,BRA,2008,1.952
Brazil,BRA,2009,1.958
Brazil,BRA,2010,1.932
Brazil,BRA,2011,2.005
Brazil,BRA,2012,1.965
Brazil,BRA,2013,2.019
Brazil,BRA,2014,2.09
Brazil,BRA,2015,2.09
Brazil,BRA,2016,2.14
Brazil,BRA,2017,2.203
Brazil,BRA,2018,2.16
Brazil,BRA,2019,2.449
Brazil,BRA,2020,2.446
Brazil,BRA,2021,2.403
Brazil,BRA,2022,2.452
Brazil,BRA,2023,2.462
Bulgaria,BGR,2008,1.677
Bulgaria,BGR,2009,1.684
Bulgaria,BGR,2010,1.677
Bulgaria,BGR,2011,1.607
Bulgaria,BGR,2012,1.651
Bulgaria,BGR,2013,1.684
Bulgaria,BGR,2014,1.586
Bulgaria,BGR,2015,1.638
Bulgaria,BGR,2016,1.612
Bulgaria,BGR,2017,1.595
Bulgaria,BGR,2018,1.576
Bulgaria,BGR,2019,1.603
Bulgaria,BGR,2020,1.596
Bulgaria,BGR,2021,1.556
Bulgaria,BGR,2022,1.557
Bulgaria,BGR,2023,1.643
Burkina Faso,BFA,2008,1.685
Burkina Faso,BFA,2009,1.784
Burkina Faso,BFA,2010,1.722
Burkina Faso,BFA,2011,1.751
Burkina Faso,BFA,2012,1.704
Burkina Faso,BFA,2013,1.832
Burkina Faso,BFA,2014,1.719
Burkina Faso,BFA,2015,1.925
Burkina Faso,BFA,2016,2.015
Burkina Faso,BFA,2017,2.037
Burkina Faso,BFA,2018,2.076
Burkina Faso,BFA,2019,2.198
Burkina Faso,BFA,2020,2.294
Burkina Faso,BFA,2021,2.544
Burkina Faso,BFA,2022,2.767
Burkina Faso,BFA,2023,2.868
Burundi,BDI,2008,2.336
Burundi,BDI,2009,2.31
Burundi,BDI,2010,2.316
Burundi,BDI,2011,2.247
Burundi,BDI,2012,2.264
Burundi,BDI,2013,2.292
Burundi,BDI,2014,2.266
Burundi,BDI,2015,2.268
Burundi,BDI,2016,2.541
Burundi,BDI,2017,2.569
Burundi,BDI,2018,2.481
Burundi,BDI,2019,2.509
Burundi,BDI,2020,2.458
Burundi,BDI,2021,2.416
Burundi,BDI,2022,2.527
Burundi,BDI,2023,2.393
Cambodia,KHM,2008,2.013
Cambodia,KHM,2009,2.098
Cambodia,KHM,2010,2.094
Cambodia,KHM,2011,2.073
Cambodia,KHM,2012,2.08
Cambodia,KHM,2013,2.092
Cambodia,KHM,2014,2.084
Cambodia,KHM,2015,2.083
Cambodia,KHM,2016,2.071
Cambodia,KHM,2017,2.003
Cambodia,KHM,2018,2.078
Cambodia,KHM,2019,2.017
Cambodia,KHM,2020,1.971
Cambodia,KHM,2021,2.008
Cambodia,KHM,2022,1.952
Cambodia,KHM,2023,1.947
Cameroon,CMR,2008,2.114
Cameroon,CMR,2009,2.03
Cameroon,CMR,2010,2.141
Cameroon,CMR,2011,2.027
Cameroon,CMR,2012,2.066
Cameroon,CMR,2013,1.969
Cameroon,CMR,2014,2.042
Cameroon,CMR,2015,2.234
Cameroon,CMR,2016,2.41
Cameroon,CMR,2017,2.435
Cameroon,CMR,2018,2.507
Cameroon,CMR,2019,2.569
Cameroon,CMR,2020,2.643
Cameroon,CMR,2021,2.703
Cameroon,CMR,2022,2.72
Cameroon,CMR,2023,2.66
Canada,CAN,2008,1.33
Canada,CAN,2009,1.372
Canada,CAN,2010,1.44
Canada,CAN,2011,1.38
Canada,CAN,2012,1.369
Canada,CAN,2013,1.318
Canada,CAN,2014,1.296
Canada,CAN,2015,1.329
Canada,CAN,2016,1.324
Canada,CAN,2017,1.323
Canada,CAN,2018,1.323
Canada,CAN,2019,1.32
Canada,CAN,2020,1.337
Canada,CAN,2021,1.318
Canada,CAN,2022,1.39
Canada,CAN,2023,1.35
Central African Republic,CAF,2008,2.727
Central African Republic,CAF,2009,2.622
Central African Republic,CAF,2010,2.542
Central African Republic,CAF,2011,2.65
Central African Republic,CAF,2012,2.66
Central African Republic,CAF,2013,2.793
Central African Republic,CAF,2014,3.089
Central African Republic,CAF,2015,3.156
Central African Republic,CAF,2016,3.076
Central African Republic,CAF,2017,2.991
Central African Republic,CAF,2018,3.057
Central African Republic,CAF,2019,3.084
Central African Republic,CAF,2020,2.956
Central African Republic,CAF,2021,2.914
Central African Republic,CAF,2022,2.927
Central African Republic,CAF,2023,2.934
Chad,TCD,2008,2.781
Chad,TCD,2009,2.775
Chad,TCD,2010,2.839
Chad,TCD,2011,2.527
Chad,TCD,2012,2.526
Chad,TCD,2013,2.303
Chad,TCD,2014,2.425
Chad,TCD,2015,2.454
Chad,TCD,2016,2.389
Chad,TCD,2017,2.536
Chad,TCD,2018,2.387
Chad,TCD,2019,2.506
Chad,TCD,2020,2.552
Chad,TCD,2021,2.556
Chad,TCD,2022,2.589
Chad,TCD,2023,2.699
Chile,CHL,2008,1.631
Chile,CHL,2009,1.653
Chile,CHL,2010,1.675
Chile,CHL,2011,1.722
Chile,CHL,2012,1.643
Chile,CHL,2013,1.621
Chile,CHL,2014,1.591
Chile,CHL,2015,1.608
Chile,CHL,2016,1.572
Chile,CHL,2017,1.56
Chile,CHL,2018,1.628
Chile,CHL,2019,1.654
Chile,CHL,2020,1.815
Chile,CHL,2021,1.787
Chile,CHL,2022,1.841
Chile,CHL,2023,1.874
China,CHN,2008,2.085
China,CHN,2009,2.075
China,CHN,2010,2.179
China,CHN,2011,2.167
China,CHN,2012,2.089
China,CHN,2013,2.075
China,CHN,2014,2.073
China,CHN,2015,2.111
China,CHN,2016,2.102
China,CHN,2017,2.123
China,CHN,2018,2.061
China,CHN,2019,1.986
China,CHN,2020,1.949
China,CHN,2021,1.989
China,CHN,2022,2.018
China,CHN,2023,2.009
Colombia,COL,2008,2.659
Colombia,COL,2009,2.627
Colombia,COL,2010,2.658
Colombia,COL,2011,2.598
Colombia,COL,2012,2.602
Colombia,COL,2013,2.57
Colombia,COL,2014,2.601
Colombia,COL,2015,2.623
Colombia,COL,2016,2.58
Colombia,COL,2017,2.646
Colombia,COL,2018,2.661
Colombia,COL,2019,2.672
Colombia,COL,2020,2.663
Colombia,COL,2021,2.689
Colombia,COL,2022,2.738
Colombia,COL,2023,2.693
Costa Rica,CRI,2008,1.639
Costa Rica,CRI,2009,1.643
Costa Rica,CRI,2010,1.645
Costa Rica,CRI,2011,1.781
Costa Rica,CRI,2012,1.719
Costa Rica,CRI,2013,1.788
Costa Rica,CRI,2014,1.751
Costa Rica,CRI,2015,1.693
Costa Rica,CRI,2016,1.695
Costa Rica,CRI,2017,1.698
Costa Rica,CRI,2018,1.74
Costa Rica,CRI,2019,1.735
Costa Rica,CRI,2020,1.709
Costa Rica,CRI,2021,1.718
Costa Rica,CRI,2022,1.775
Costa Rica,CRI,2023,1.731
Cote d' Ivoire,CIV,2008,2.308
Cote d' Ivoire,CIV,2009,2.232
Cote d' Ivoire,CIV,2010,2.147
Cote d' Ivoire,CIV,2011,2.356
Cote d' Ivoire,CIV,2012,2.299
Cote d' Ivoire,CIV,2013,2.424
Cote d' Ivoire,CIV,2014,2.2
Cote d' Ivoire,CIV,2015,2.059
Cote d' Ivoire,CIV,2016,2.18
Cote d' Ivoire,CIV,2017,2.156
Cote d' Ivoire,CIV,2018,2.184
Cote d' Ivoire,CIV,2019,2.08
Cote d' Ivoire,CIV,2020,2.113
Cote d' Ivoire,CIV,2021,2.132
Cote d' Ivoire,CIV,2022,2.16
Cote d' Ivoire,CIV,2023,2.053
Croatia,HRV,2008,1.642
Croatia,HRV,2009,1.676
Croatia,HRV,2010,1.607
Croatia,HRV,2011,1.612
Croatia,HRV,2012,1.592
Croatia,HRV,2013,1.602
Croatia,HRV,2014,1.564
Croatia,HRV,2015,1.558
Croatia,HRV,2016,1.58
Croatia,HRV,2017,1.573
Croatia,HRV,2018,1.556
Croatia,HRV,2019,1.568
Croatia,HRV,2020,1.531
Croatia,HRV,2021,1.459
Croatia,HRV,2022,1.438
Croatia,HRV,2023,1.45
Cuba,CUB,2008,2.077
Cuba,CUB,2009,2.065
Cuba,CUB,2010,2.056
Cuba,CUB,2011,2.041
Cuba,CUB,2012,2.076
Cuba,CUB,2013,2.073
Cuba,CUB,2014,2.05
Cuba,CUB,2015,2.033
Cuba,CUB,2016,2.02
Cuba,CUB,2017,2.011
Cuba,CUB,2018,1.991
Cuba,CUB,2019,2.018
Cuba,CUB,2020,2.048
Cuba,CUB,2021,2.05
Cuba,CUB,2022,2.112
Cuba,CUB,2023,2.103
Cyprus,CYP,2008,1.725
Cyprus,CYP,2009,1.715
Cyprus,CYP,2010,1.904
Cyprus,CYP,2011,1.898
Cyprus,CYP,2012,1.939
Cyprus,CYP,2013,1.892
Cyprus,CYP,2014,1.946
Cyprus,CYP,2015,1.897
Cyprus,CYP,2016,1.913
Cyprus,CYP,2017,1.906
Cyprus,CYP,2018,1.846
Cyprus,CYP,2019,1.867
Cyprus,CYP,2020,1.885
Cyprus,CYP,2021,1.898
Cyprus,CYP,2022,1.909
Cyprus,CYP,2023,1.904
Czech Republic,CZE,2008,1.445
Czech Republic,CZE,2009,1.473
Czech Republic,CZE,2010,1.442
Czech Republic,CZE,2011,1.4
Czech Republic,CZE,2012,1.446
Czech Republic,CZE,2013,1.435
Czech Republic,CZE,2014,1.415
Czech Republic,CZE,2015,1.383
Czech Republic,CZE,2016,1.329
Czech Republic,CZE,2017,1.334
Czech Republic,CZE,2018,1.339
Czech Republic,CZE,2019,1.343
Czech Republic,CZE,2020,1.346
Czech Republic,CZE,2021,1.334
Czech Republic,CZE,2022,1.317
Czech Republic,CZE,2023,1.379
Democratic Republic of the Congo,COD,2008,2.773
Democratic Republic of the Congo,COD,2009,2.779
Democratic Republic of the Congo,COD,2010,2.799
Democratic Republic of the Congo,COD,2011,2.796
Democratic Republic of the Congo,COD,2012,2.758
Democratic Republic of the Congo,COD,2013,2.776
Democratic Republic of the Congo,COD,2014,2.912
Democratic Republic of the Congo,COD,2015,3.0
Democratic Republic of the Congo,COD,2016,2.898
Democratic Republic of the Congo,COD,2017,2.878
Democratic Republic of the Congo,COD,2018,3.091
Democratic Republic of the Congo,COD,2019,3.081
Democratic Republic of the Congo,COD,2020,3.039
Democratic Republic of the Congo,COD,2021,3.118
Democratic Republic of the Congo,COD,2022,3.109
Democratic Republic of the Congo,COD,2023,3.214
Denmark,DNK,2008,1.269
Denmark,DNK,2009,1.274
Denmark,DNK,2010,1.304
Denmark,DNK,2011,1.26
Denmark,DNK,2012,1.236
Denmark,DNK,2013,1.222
Denmark,DNK,2014,1.202
Denmark,DNK,2015,1.229
Denmark,DNK,2016,1.232
Denmark,DNK,2017,1.312
Denmark,DNK,2018,1.31
Denmark,DNK,2019,1.299
Denmark,DNK,2020,1.307
Denmark,DNK,2021,1.293
Denmark,DNK,2022,1.298
Denmark,DNK,2023,1.31
Djibouti,DJI,2008,2.013
Djibouti,DJI,2009,2.007
Djibouti,DJI,2010,2.02
Djibouti,DJI,2011,1.998
Djibouti,DJI,2012,1.895
Djibouti,DJI,2013,1.958
Djibouti,DJI,2014,1.93
Djibouti,DJI,2015,2.075
Djibouti,DJI,2016,2.151
Djibouti,DJI,2017,2.112
Djibouti,DJI,2018,2.189
Djibouti,DJI,2019,2.126
Djibouti,DJI,2020,2.168
Djibouti,DJI,2021,2.113
Djibouti,DJI,2022,2.211
Djibouti,DJI,2023,2.196
Dominican Republic,DOM,2008,1.987
Dominican Republic,DOM,2009,1.994
Dominican Republic,DOM,2010,2.071
Dominican Republic,DOM,2011,2.094
Dominican Republic,DOM,2012,2.045
Dominican Republic,DOM,2013,2.059
Dominican Republic,DOM,2014,2.029
Dominican Republic,DOM,2015,2.037
Dominican Republic,DOM,2016,2.038
Dominican Republic,DOM,2017,2.029
Dominican Republic,DOM,2018,2.045
Dominican Republic,DOM,2019,2.023
Dominican Republic,DOM,2020,1.961
Dominican Republic,DOM,2021,1.972
Dominican Republic,DOM,2022,2.022
Dominican Republic,DOM,2023,2.019
Ecuador,ECU,2008,2.145
Ecuador,ECU,2009,2.166
Ecuador,ECU,2010,2.117
Ecuador,ECU,2011,2.063
Ecuador,ECU,2012,2.035
Ecuador,ECU,2013,2.026
Ecuador,ECU,2014,1.99
Ecuador,ECU,2015,1.966
Ecuador,ECU,2016,1.95
Ecuador,ECU,2017,1.844
Ecuador,ECU,2018,1.907
Ecuador,ECU,2019,1.943
Ecuador,ECU,2020,2.031
Ecuador,ECU,2021,2.012
Ecuador,ECU,2022,1.96
Ecuador,ECU,2023,2.095
Egypt,EGY,2008,1.923
Egypt,EGY,2009,1.882
Egypt,EGY,2010,1.902
Egypt,EGY,2011,2.184
Egypt,EGY,2012,2.284
Egypt,EGY,2013,2.378
Egypt,EGY,2014,2.547
Egypt,EGY,2015,2.354
Egypt,EGY,2016,2.379
Egypt,EGY,2017,2.386
Egypt,EGY,2018,2.414
Egypt,EGY,2019,2.381
Egypt,EGY,2020,2.397
Egypt,EGY,2021,2.441
Egypt,EGY,2022,2.335
Egypt,EGY,2023,2.267
El Salvador,SLV,2008,2.008
El Salvador,SLV,2009,2.048
El Salvador,SLV,2010,2.121
El Salvador,SLV,2011,2.141
El Salvador,SLV,2012,2.201
El Salvador,SLV,2013,2.148
El Salvador,SLV,2014,2.087
El Salvador,SLV,2015,2.178
El Salvador,SLV,2016,2.124
El Salvador,SLV,2017,2.176
El Salvador,SLV,2018,2.24
El Salvador,SLV,2019,2.222
El Salvador,SLV,2020,2.224
El Salvador,SLV,2021,2.18
El Salvador,SLV,2022,2.256
El Salvador,SLV,2023,2.279
Equatorial Guinea,GNQ,2008,1.967
Equatorial Guinea,GNQ,2009,1.867
Equatorial Guinea,GNQ,2010,1.902
Equatorial Guinea,GNQ,2011,1.945
Equatorial Guinea,GNQ,2012,1.891
Equatorial Guinea,GNQ,2013,1.832
Equatorial Guinea,GNQ,2014,1.857
Equatorial Guinea,GNQ,2015,1.836
Equatorial Guinea,GNQ,2016,1.805
Equatorial Guinea,GNQ,2017,1.812
Equatorial Guinea,GNQ,2018,1.859
Equatorial Guinea,GNQ,2019,1.876
Equatorial Guinea,GNQ,2020,1.817
Equatorial Guinea,GNQ,2021,1.879
Equatorial Guinea,GNQ,2022,1.9
Equatorial Guinea,GNQ,2023,2.013
Eritrea,ERI,2008,2.445
Eritrea,ERI,2009,2.446
Eritrea,ERI,2010,2.51
Eritrea,ERI,2011,2.438
Eritrea,ERI,2012,2.457
Eritrea,ERI,2013,2.425
Eritrea,ERI,2014,2.452
Eritrea,ERI,2015,2.462
Eritrea,ERI,2016,2.509
Eritrea,ERI,2017,2.545
Eritrea,ERI,2018,2.645
Eritrea,ERI,2019,2.548
Eritrea,ERI,2020,2.582
Eritrea,ERI,2021,2.567
Eritrea,ERI,2022,2.519
Eritrea,ERI,2023,2.505
Estonia,EST,2008,1.693
Estonia,EST,2009,1.75
Estonia,EST,2010,1.708
Estonia,EST,2011,1.664
Estonia,EST,2012,1.676
Estonia,EST,2013,1.678
Estonia,EST,2014,1.576
Estonia,EST,2015,1.629
Estonia,EST,2016,1.614
Estonia,EST,2017,1.597
Estonia,EST,2018,1.609
Estonia,EST,2019,1.579
Estonia,EST,2020,1.568
Estonia,EST,2021,1.558
Estonia,EST,2022,1.565
Estonia,EST,2023,1.563
Eswatini,SWZ,2008,1.888
Eswatini,SWZ,2009,1.903
Eswatini,SWZ,2010,1.88
Eswatini,SWZ,2011,2.05
Eswatini,SWZ,2012,2.061
Eswatini,SWZ,2013,2.043
Eswatini,SWZ,2014,2.046
Eswatini,SWZ,2015,2.017
Eswatini,SWZ,2016,1.974
Eswatini,SWZ,2017,1.928
Eswatini,SWZ,2018,1.946
Eswatini,SWZ,2019,1.887
Eswatini,SWZ,2020,1.907
Eswatini,SWZ,2021,1.888
Eswatini,SWZ,2022,2.042
Eswatini,SWZ,2023,2.168
Ethiopia,ETH,2008,2.295
Ethiopia,ETH,2009,2.343
Ethiopia,ETH,2010,2.277
Ethiopia,ETH,2011,2.31
Ethiopia,ETH,2012,2.421
Ethiopia,ETH,2013,2.335
Ethiopia,ETH,2014,2.318
Ethiopia,ETH,2015,2.233
Ethiopia,ETH,2016,2.238
Ethiopia,ETH,2017,2.358
Ethiopia,ETH,2018,2.428
Ethiopia,ETH,2019,2.439
Ethiopia,ETH,2020,2.436
Ethiopia,ETH,2021,2.56
Ethiopia,ETH,2022,2.805
Ethiopia,ETH,2023,2.872
Finland,FIN,2008,1.344
Finland,FIN,2009,1.358
Finland,FIN,2010,1.373
Finland,FIN,2011,1.373
Finland,FIN,2012,1.352
Finland,FIN,2013,1.353
Finland,FIN,2014,1.351
Finland,FIN,2015,1.353
Finland,FIN,2016,1.373
Finland,FIN,2017,1.432
Finland,FIN,2018,1.434
Finland,FIN,2019,1.393
Finland,FIN,2020,1.361
Finland,FIN,2021,1.406
Finland,FIN,2022,1.439
Finland,FIN,2023,1.399
France,FRA,2008,1.726
France,FRA,2009,1.74
France,FRA,2010,1.704
France,FRA,2011,1.682
France,FRA,2012,1.74
France,FRA,2013,1.729
France,FRA,2014,1.709
France,FRA,2015,1.735
France,FRA,2016,1.8
France,FRA,2017,1.909
France,FRA,2018,1.919
France,FRA,2019,1.829
France,FRA,2020,1.94
France,FRA,2021,1.923
France,FRA,2022,1.918
France,FRA,2023,1.939
Gabon,GAB,2008,1.985
Gabon,GAB,2009,1.954
Gabon,GAB,2010,2.042
Gabon,GAB,2011,2.049
Gabon,GAB,2012,2.014
Gabon,GAB,2013,1.997
Gabon,GAB,2014,1.952
Gabon,GAB,2015,1.989
Gabon,GAB,2016,2.007
Gabon,GAB,2017,2.034
Gabon,GAB,2018,2.079
Gabon,GAB,2019,2.119
Gabon,GAB,2020,2.128
Gabon,GAB,2021,2.037
Gabon,GAB,2022,2.019
Gabon,GAB,2023,2.068
Georgia,GEO,2008,2.708
Georgia,GEO,2009,2.758
Georgia,GEO,2010,2.827
Georgia,GEO,2011,2.525
Georgia,GEO,2012,2.448
Georgia,GEO,2013,2.341
Georgia,GEO,2014,2.18
Georgia,GEO,2015,2.028
Georgia,GEO,2016,2.028
Georgia,GEO,2017,2.055
Georgia,GEO,2018,2.051
Georgia,GEO,2019,1.994
Georgia,GEO,2020,2.022
Georgia,GEO,2021,2.011
Georgia,GEO,2022,2.061
Georgia,GEO,2023,2.071
Germany,DEU,2008,1.552
Germany,DEU,2009,1.553
Germany,DEU,2010,1.57
Germany,DEU,2011,1.55
Germany,DEU,2012,1.554
Germany,DEU,2013,1.498
Germany,DEU,2014,1.435
Germany,DEU,2015,1.429
Germany,DEU,2016,1.44
Germany,DEU,2017,1.476
Germany,DEU,2018,1.516
Germany,DEU,2019,1.5
Germany,DEU,2020,1.502
Germany,DEU,2021,1.492
Germany,DEU,2022,1.453
Germany,DEU,2023,1.456
Ghana,GHA,2008,1.662
Ghana,GHA,2009,1.76
Ghana,GHA,2010,1.823
Ghana,GHA,2011,1.729
Ghana,GHA,2012,1.732
Ghana,GHA,2013,1.743
Ghana,GHA,2014,1.742
Ghana,GHA,2015,1.711
Ghana,GHA,2016,1.751
Ghana,GHA,2017,1.774
Ghana,GHA,2018,1.78
Ghana,GHA,2019,1.776
Ghana,GHA,2020,1.829
Ghana,GHA,2021,1.794
Ghana,GHA,2022,1.785
Ghana,GHA,2023,1.799
Greece,GRC,2008,1.964
Greece,GRC,2009,1.955
Greece,GRC,2010,1.982
Greece,GRC,2011,1.97
Greece,GRC,2012,2.047
Greece,GRC,2013,2.03
Greece,GRC,2014,2.047
Greece,GRC,2015,1.895
Greece,GRC,2016,1.915
Greece,GRC,2017,1.908
Greece,GRC,2018,1.924
Greece,GRC,2019,1.9
Greece,GRC,2020,1.844
Greece,GRC,2021,1.898
Greece,GRC,2022,1.843
Greece,GRC,2023,1.89
Guatemala,GTM,2008,2.109
Guatemala,GTM,2009,2.073
Guatemala,GTM,2010,2.108
Guatemala,GTM,2011,2.159
Guatemala,GTM,2012,2.202
Guatemala,GTM,2013,2.203
Guatemala,GTM,2014,2.064
Guatemala,GTM,2015,2.074
Guatemala,GTM,2016,2.124
Guatemala,GTM,2017,2.13
Guatemala,GTM,2018,2.114
Guatemala,GTM,2019,2.193
Guatemala,GTM,2020,2.155
Guatemala,GTM,2021,2.166
Guatemala,GTM,2022,2.131
Guatemala,GTM,2023,2.13
Guinea,GIN,2008,2.065
Guinea,GIN,2009,2.172
Guinea,GIN,2010,2.15
Guinea,GIN,2011,2.266
Guinea,GIN,2012,2.059
Guinea,GIN,2013,2.146
Guinea,GIN,2014,2.13
Guinea,GIN,2015,2.205
Guinea,GIN,2016,2.114
Guinea,GIN,2017,2.059
Guinea,GIN,2018,2.072
Guinea,GIN,2019,2.029
Guinea,GIN,2020,2.036
Guinea,GIN,2021,2.063
Guinea,GIN,2022,2.4
Guinea,GIN,2023,2.359
Guinea-Bissau,GNB,2008,2.191
Guinea-Bissau,GNB,2009,2.136
Guinea-Bissau,GNB,2010,2.14
Guinea-Bissau,GNB,2011,2.242
Guinea-Bissau,GNB,2012,2.192
Guinea-Bissau,GNB,2013,2.156
Guinea-Bissau,GNB,2014,2.3
Guinea-Bissau,GNB,2015,2.066
Guinea-Bissau,GNB,2016,2.06
Guinea-Bissau,GNB,2017,2.126
Guinea-Bissau,GNB,2018,2.15
Guinea-Bissau,GNB,2019,2.08
Guinea-Bissau,GNB,2020,2.014
Guinea-Bissau,GNB,2021,2.037
Guinea-Bissau,GNB,2022,2.088
Guinea-Bissau,GNB,2023,2.045
Guyana,GUY,2008,2.045
Guyana,GUY,2009,2.062
Guyana,GUY,2010,2.108
Guyana,GUY,2011,2.08
Guyana,GUY,2012,1.956
Guyana,GUY,2013,1.967
Guyana,GUY,2014,1.985
Guyana,GUY,2015,2.03
Guyana,GUY,2016,2.05
Guyana,GUY,2017,1.983
Guyana,GUY,2018,2.035
Guyana,GUY,2019,2.083
Guyana,GUY,2020,2.065
Guyana,GUY,2021,2.119
Guyana,GUY,2022,2.12
Guyana,GUY,2023,2.134
Haiti,HTI,2008,2.066
Haiti,HTI,2009,2.094
Haiti,HTI,2010,2.063
Haiti,HTI,2011,2.026
Haiti,HTI,2012,1.976
Haiti,HTI,2013,1.926
Haiti,HTI,2014,2.018
Haiti,HTI,2015,2.033
Haiti,HTI,2016,2.014
Haiti,HTI,2017,1.932
Haiti,HTI,2018,1.975
Haiti,HTI,2019,2.047
Haiti,HTI,2020,2.132
Haiti,HTI,2021,2.068
Haiti,HTI,2022,2.201
Haiti,HTI,2023,2.395
Honduras,HND,2008,2.171
Honduras,HND,2009,2.15
Honduras,HND,2010,2.277
Honduras,HND,2011,2.232
Honduras,HND,2012,2.247
Honduras,HND,2013,2.14
Honduras,HND,2014,2.103
Honduras,HND,2015,2.075
Honduras,HND,2016,2.124
Honduras,HND,2017,2.088
Honduras,HND,2018,2.157
Honduras,HND,2019,2.221
Honduras,HND,2020,2.206
Honduras,HND,2021,2.308
Honduras,HND,2022,2.229
Honduras,HND,2023,2.265
Hungary,HUN,2008,1.389
Hungary,HUN,2009,1.504
Hungary,HUN,2010,1.481
Hungary,HUN,2011,1.533
Hungary,HUN,2012,1.506
Hungary,HUN,2013,1.494
Hungary,HUN,2014,1.476
Hungary,HUN,2015,1.493
Hungary,HUN,2016,1.473
Hungary,HUN,2017,1.546
Hungary,HUN,2018,1.586
Hungary,HUN,2019,1.568
Hungary,HUN,2020,1.548
Hungary,HUN,2021,1.437
Hungary,HUN,2022,1.433
Hungary,HUN,2023,1.508
Iceland,ISL,2008,1.133
Iceland,ISL,2009,1.152
Iceland,ISL,2010,1.134
Iceland,ISL,2011,1.14
Iceland,ISL,2012,1.204
Iceland,ISL,2013,1.197
Iceland,ISL,2014,1.185
Iceland,ISL,2015,1.164
Iceland,ISL,2016,1.163
Iceland,ISL,2017,1.1
Iceland,ISL,2018,1.113
Iceland,ISL,2019,1.093
Iceland,ISL,2020,1.103
Iceland,ISL,2021,1.145
Iceland,ISL,2022,1.081
Iceland,ISL,2023,1.124
India,IND,2008,2.363
India,IND,2009,2.387
India,IND,2010,2.436
India,IND,2011,2.404
India,IND,2012,2.351
India,IND,2013,2.337
India,IND,2014,2.348
India,IND,2015,2.312
India,IND,2016,2.371
India,IND,2017,2.342
India,IND,2018,2.336
India,IND,2019,2.418
India,IND,2020,2.446
India,IND,2021,2.434
India,IND,2022,2.398
India,IND,2023,2.314
Indonesia,IDN,2008,1.683
Indonesia,IDN,2009,1.675
Indonesia,IDN,2010,1.672
Indonesia,IDN,2011,1.687
Indonesia,IDN,2012,1.686
Indonesia,IDN,2013,1.671
Indonesia,IDN,2014,1.713
Indonesia,IDN,2015,1.662
Indonesia,IDN,2016,1.676
Indonesia,IDN,2017,1.712
Indonesia,IDN,2018,1.739
Indonesia,IDN,2019,1.741
Indonesia,IDN,2020,1.835
Indonesia,IDN,2021,1.735
Indonesia,IDN,2022,1.775
Indonesia,IDN,2023,1.829
Iran,IRN,2008,2.431
Iran,IRN,2009,2.361
Iran,IRN,2010,2.452
Iran,IRN,2011,2.528
Iran,IRN,2012,2.565
Iran,IRN,2013,2.51
Iran,IRN,2014,2.371
Iran,IRN,2015,2.406
Iran,IRN,2016,2.334
Iran,IRN,2017,2.396
Iran,IRN,2018,2.515
Iran,IRN,2019,2.525
Iran,IRN,2020,2.786
Iran,IRN,2021,2.763
Iran,IRN,2022,2.808
Iran,IRN,2023,2.8
Iraq,IRQ,2008,3.372
Iraq,IRQ,2009,3.373
Iraq,IRQ,2010,3.326
Iraq,IRQ,2011,3.083
Iraq,IRQ,2012,3.031
Iraq,IRQ,2013,2.917
Iraq,IRQ,2014,2.933
Iraq,IRQ,2015,3.158
Iraq,IRQ,2016,3.368
Iraq,IRQ,2017,3.314
Iraq,IRQ,2018,3.225
Iraq,IRQ,2019,3.18
Iraq,IRQ,2020,3.118
Iraq,IRQ,2021,3.138
Iraq,IRQ,2022,3.028
Iraq,IRQ,2023,3.006
Ireland,IRL,2008,1.38
Ireland,IRL,2009,1.452
Ireland,IRL,2010,1.44
Ireland,IRL,2011,1.472
Ireland,IRL,2012,1.433
Ireland,IRL,2013,1.423
Ireland,IRL,2014,1.397
Ireland,IRL,2015,1.42
Ireland,IRL,2016,1.416
Ireland,IRL,2017,1.395
Ireland,IRL,2018,1.348
Ireland,IRL,2019,1.34
Ireland,IRL,2020,1.351
Ireland,IRL,2021,1.295
Ireland,IRL,2022,1.283
Ireland,IRL,2023,1.312
Israel,ISR,2008,2.821
Israel,ISR,2009,2.728
Israel,ISR,2010,2.779
Israel,ISR,2011,2.697
Israel,ISR,2012,2.677
Israel,ISR,2013,2.64
Israel,ISR,2014,2.568
Israel,ISR,2015,2.565
Israel,ISR,2016,2.642
Israel,ISR,2017,2.645
Israel,ISR,2018,2.654
Israel,ISR,2019,2.672
Israel,ISR,2020,2.647
Israel,ISR,2021,2.543
Israel,ISR,2022,2.552
Israel,ISR,2023,2.706
Italy,ITA,2008,1.588
Italy,ITA,2009,1.673
Italy,ITA,2010,1.636
Italy,ITA,2011,1.655
Italy,ITA,2012,1.677
Italy,ITA,2013,1.703
Italy,ITA,2014,1.667
Italy,ITA,2015,1.668
Italy,ITA,2016,1.662
Italy,ITA,2017,1.649
Italy,ITA,2018,1.701
Italy,ITA,2019,1.676
Italy,ITA,2020,1.63
Italy,ITA,2021,1.65
Italy,ITA,2022,1.642
Italy,ITA,2023,1.662
Jamaica,JAM,2008,1.974
Jamaica,JAM,2009,1.969
Jamaica,JAM,2010,1.999
Jamaica,JAM,2011,2.041
Jamaica,JAM,2012,2.102
Jamaica,JAM,2013,2.046
Jamaica,JAM,2014,2.014
Jamaica,JAM,2015,1.984
Jamaica,JAM,2016,1.956
Jamaica,JAM,2017,1.944
Jamaica,JAM,2018,1.958
Jamaica,JAM,2019,1.943
Jamaica,JAM,2020,1.972
Jamaica,JAM,2021,1.97
Jamaica,JAM,2022,1.989
Jamaica,JAM,2023,1.986
Japan,JPN,2008,1.391
Japan,JPN,2009,1.388
Japan,JPN,2010,1.385
Japan,JPN,2011,1.38
Japan,JPN,2012,1.422
Japan,JPN,2013,1.377
Japan,JPN,2014,1.369
Japan,JPN,2015,1.342
Japan,JPN,2016,1.371
Japan,JPN,2017,1.327
Japan,JPN,2018,1.331
Japan,JPN,2019,1.356
Japan,JPN,2020,1.346
Japan,JPN,2021,1.334
Japan,JPN,2022,1.34
Japan,JPN,2023,1.336
Jordan,JOR,2008,1.817
Jordan,JOR,2009,1.814
Jordan,JOR,2010,1.857
Jordan,JOR,2011,1.86
Jordan,JOR,2012,1.925
Jordan,JOR,2013,1.914
Jordan,JOR,2014,1.882
Jordan,JOR,2015,1.926
Jordan,JOR,2016,1.94
Jordan,JOR,2017,1.966
Jordan,JOR,2018,2.057
Jordan,JOR,2019,1.904
Jordan,JOR,2020,1.986
Jordan,JOR,2021,1.967
Jordan,JOR,2022,1.919
Jordan,JOR,2023,1.895
Kazakhstan,KAZ,2008,2.107
Kazakhstan,KAZ,2009,2.124
Kazakhstan,KAZ,2010,2.145
Kazakhstan,KAZ,2011,2.073
Kazakhstan,KAZ,2012,2.127
Kazakhstan,KAZ,2013,1.96
Kazakhstan,KAZ,2014,2.01
Kazakhstan,KAZ,2015,1.973
Kazakhstan,KAZ,2016,1.97
Kazakhstan,KAZ,2017,1.941
Kazakhstan,KAZ,2018,1.942
Kazakhstan,KAZ,2019,1.903
Kazakhstan,KAZ,2020,1.993
Kazakhstan,KAZ,2021,1.913
Kazakhstan,KAZ,2022,2.067
Kazakhstan,KAZ,2023,1.98
Kenya,KEN,2008,2.364
Kenya,KEN,2009,2.358
Kenya,KEN,2010,2.424
Kenya,KEN,2011,2.395
Kenya,KEN,2012,2.348
Kenya,KEN,2013,2.426
Kenya,KEN,2014,2.393
Kenya,KEN,2015,2.342
Kenya,KEN,2016,2.354
Kenya,KEN,2017,2.33
Kenya,KEN,2018,2.315
Kenya,KEN,2019,2.294
Kenya,KEN,2020,2.333
Kenya,KEN,2021,2.281
Kenya,KEN,2022,2.272
Kenya,KEN,2023,2.254
Kosovo,KSV,2008,1.947
Kosovo,KSV,2009,1.95
Kosovo,KSV,2010,1.951
Kosovo,KSV,2011,1.975
Kosovo,KSV,2012,1.913
Kosovo,KSV,2013,1.92
Kosovo,KSV,2014,1.915
Kosovo,KSV,2015,1.883
Kosovo,KSV,2016,1.93
Kosovo,KSV,2017,1.885
Kosovo,KSV,2018,1.959
Kosovo,KSV,2019,1.966
Kosovo,KSV,2020,1.973
Kosovo,KSV,2021,1.98
Kosovo,KSV,2022,1.948
Kosovo,KSV,2023,1.946
Kuwait,KWT,2008,1.591
Kuwait,KWT,2009,1.58
Kuwait,KWT,2010,1.51
Kuwait,KWT,2011,1.524
Kuwait,KWT,2012,1.611
Kuwait,KWT,2013,1.623
Kuwait,KWT,2014,1.587
Kuwait,KWT,2015,1.665
Kuwait,KWT,2016,1.723
Kuwait,KWT,2017,1.877
Kuwait,KWT,2018,1.788
Kuwait,KWT,2019,1.762
Kuwait,KWT,2020,1.712
Kuwait,KWT,2021,1.709
Kuwait,KWT,2022,1.718
Kuwait,KWT,2023,1.669
Kyrgyz Republic,KGZ,2008,2.368
Kyrgyz Republic,KGZ,2009,2.31
Kyrgyz Republic,KGZ,2010,2.205
Kyrgyz Republic,KGZ,2011,2.275
Kyrgyz Republic,KGZ,2012,2.461
Kyrgyz Republic,KGZ,2013,2.351
Kyrgyz Republic,KGZ,2014,2.215
Kyrgyz Republic,KGZ,2015,2.182
Kyrgyz Republic,KGZ,2016,2.15
Kyrgyz Republic,KGZ,2017,2.123
Kyrgyz Republic,KGZ,2018,2.085
Kyrgyz Republic,KGZ,2019,2.042
Kyrgyz Republic,KGZ,2020,2.036
Kyrgyz Republic,KGZ,2021,1.921
Kyrgyz Republic,KGZ,2022,2.013
Kyrgyz Republic,KGZ,2023,2.11
Laos,LAO,2008,1.86
Laos,LAO,2009,1.819
Laos,LAO,2010,1.714
Laos,LAO,2011,1.737
Laos,LAO,2012,1.768
Laos,LAO,2013,1.758
Laos,LAO,2014,1.735
Laos,LAO,2015,1.734
Laos,LAO,2016,1.811
Laos,LAO,2017,1.756
Laos,LAO,2018,1.78
Laos,LAO,2019,1.756
Laos,LAO,2020,1.818
Laos,LAO,2021,1.781
Laos,LAO,2022,1.82
Laos,LAO,2023,1.779
Latvia,LVA,2008,1.701
Latvia,LVA,2009,1.784
Latvia,LVA,2010,1.719
Latvia,LVA,2011,1.725
Latvia,LVA,2012,1.732
Latvia,LVA,2013,1.71
Latvia,LVA,2014,1.655
Latvia,LVA,2015,1.614
Latvia,LVA,2016,1.575
Latvia,LVA,2017,1.57
Latvia,LVA,2018,1.57
Latvia,LVA,2019,1.597
Latvia,LVA,2020,1.625
Latvia,LVA,2021,1.637
Latvia,LVA,2022,1.624
Latvia,LVA,2023,1.582
Lebanon,LBN,2008,2.596
Lebanon,LBN,2009,2.392
Lebanon,LBN,2010,2.368
Lebanon,LBN,2011,2.336
Lebanon,LBN,2012,2.329
Lebanon,LBN,2013,2.356
Lebanon,LBN,2014,2.488
Lebanon,LBN,2015,2.529
Lebanon,LBN,2016,2.559
Lebanon,LBN,2017,2.612
Lebanon,LBN,2018,2.572
Lebanon,LBN,2019,2.673
Lebanon,LBN,2020,2.577
Lebanon,LBN,2021,2.597
Lebanon,LBN,2022,2.56
Lebanon,LBN,2023,2.581
Lesotho,LSO,2008,1.861
Lesotho,LSO,2009,1.912
Lesotho,LSO,2010,1.869
Lesotho,LSO,2011,1.875
Lesotho,LSO,2012,1.852
Lesotho,LSO,2013,1.863
Lesotho,LSO,2014,1.821
Lesotho,LSO,2015,1.866
Lesotho,LSO,2016,1.938
Lesotho,LSO,2017,2.017
Lesotho,LSO,2018,2.101
Lesotho,LSO,2019,2.152
Lesotho,LSO,2020,2.088
Lesotho,LSO,2021,2.113
Lesotho,LSO,2022,2.082
Lesotho,LSO,2023,2.191
Liberia,LBR,2008,1.989
Liberia,LBR,2009,1.968
Liberia,LBR,2010,1.987
Liberia,LBR,2011,1.992
Liberia,LBR,2012,1.943
Liberia,LBR,2013,1.851
Liberia,LBR,2014,1.853
Liberia,LBR,2015,1.897
Liberia,LBR,2016,1.933
Liberia,LBR,2017,1.923
Liberia,LBR,2018,1.858
Liberia,LBR,2019,1.802
Liberia,LBR,2020,1.824
Liberia,LBR,2021,1.924
Liberia,LBR,2022,1.97
Liberia,LBR,2023,1.946
Libya,LBY,2008,2.068
Libya,LBY,2009,2.034
Libya,LBY,2010,2.011
Libya,LBY,2011,2.654
Libya,LBY,2012,2.481
Libya,LBY,2013,2.54
Libya,LBY,2014,2.341
Libya,LBY,2015,2.727
Libya,LBY,2016,2.974
Libya,LBY,2017,2.964
Libya,LBY,2018,2.943
Libya,LBY,2019,2.959
Libya,LBY,2020,2.99
Libya,LBY,2021,2.981
Libya,LBY,2022,2.807
Libya,LBY,2023,2.605
Lithuania,LTU,2008,1.725
Lithuania,LTU,2009,1.692
Lithuania,LTU,2010,1.696
Lithuania,LTU,2011,1.795
Lithuania,LTU,2012,1.773
Lithuania,LTU,2013,1.739
Lithuania,LTU,2014,1.69
Lithuania,LTU,2015,1.698
Lithuania,LTU,2016,1.725
Lithuania,LTU,2017,1.714
Lithuania,LTU,2018,1.702
Lithuania,LTU,2019,1.67
Lithuania,LTU,2020,1.652
Lithuania,LTU,2021,1.649
Lithuania,LTU,2022,1.658
Lithuania,LTU,2023,1.671
Madagascar,MDG,2008,1.65
Madagascar,MDG,2009,1.91
Madagascar,MDG,2010,1.879
Madagascar,MDG,2011,1.998
Madagascar,MDG,2012,1.947
Madagascar,MDG,2013,1.951
Madagascar,MDG,2014,1.88
Madagascar,MDG,2015,1.815
Madagascar,MDG,2016,1.783
Madagascar,MDG,2017,1.826
Madagascar,MDG,2018,1.788
Madagascar,MDG,2019,1.768
Madagascar,MDG,2020,1.816
Madagascar,MDG,2021,1.851
Madagascar,MDG,2022,1.846
Madagascar,MDG,2023,1.846
Malawi,MWI,2008,1.795
Malawi,MWI,2009,1.821
Malawi,MWI,2010,1.798
Malawi,MWI,2011,1.704
Malawi,MWI,2012,1.786
Malawi,MWI,2013,1.759
Malawi,MWI,2014,1.781
Malawi,MWI,2015,1.74
Malawi,MWI,2016,1.877
Malawi,MWI,2017,1.848
Malawi,MWI,2018,1.839
Malawi,MWI,2019,1.819
Malawi,MWI,2020,1.912
Malawi,MWI,2021,1.914
Malawi,MWI,2022,1.934
Malawi,MWI,2023,1.97
Malaysia,MYS,2008,1.649
Malaysia,MYS,2009,1.651
Malaysia,MYS,2010,1.631
Malaysia,MYS,2011,1.531
Malaysia,MYS,2012,1.629
Malaysia,MYS,2013,1.578
Malaysia,MYS,2014,1.555
Malaysia,MYS,2015,1.644
Malaysia,MYS,2016,1.614
Malaysia,MYS,2017,1.676
Malaysia,MYS,2018,1.623
Malaysia,MYS,2019,1.595
Malaysia,MYS,2020,1.524
Malaysia,MYS,2021,1.496
Malaysia,MYS,2022,1.477
Malaysia,MYS,2023,1.513
Mali,MLI,2008,2.125
Mali,MLI,2009,2.168
Mali,MLI,2010,2.251
Mali,MLI,2011,2.153
Mali,MLI,2012,2.17
Mali,MLI,2013,2.276
Mali,MLI,2014,2.347
Mali,MLI,2015,2.493
Mali,MLI,2016,2.327
Mali,MLI,2017,2.482
Mali,MLI,2018,2.454
Mali,MLI,2019,2.53
Mali,MLI,2020,2.555
Mali,MLI,2021,2.685
Mali,MLI,2022,2.805
Mali,MLI,2023,2.963
Mauritania,MRT,2008,2.302
Mauritania,MRT,2009,2.354
Mauritania,MRT,2010,2.208
Mauritania,MRT,2011,2.246
Mauritania,MRT,2012,2.304
Mauritania,MRT,2013,2.178
Mauritania,MRT,2014,2.189
Mauritania,MRT,2015,2.181
Mauritania,MRT,2016,2.15
Mauritania,MRT,2017,2.248
Mauritania,MRT,2018,2.247
Mauritania,MRT,2019,2.228
Mauritania,MRT,2020,2.22
Mauritania,MRT,2021,2.27
Mauritania,MRT,2022,2.259
Mauritania,MRT,2023,2.228
Mauritius,MUS,2008,1.607
Mauritius,MUS,2009,1.605
Mauritius,MUS,2010,1.603
Mauritius,MUS,2011,1.619
Mauritius,MUS,2012,1.624
Mauritius,MUS,2013,1.542
Mauritius,MUS,2014,1.535
Mauritius,MUS,2015,1.553
Mauritius,MUS,2016,1.545
Mauritius,MUS,2017,1.526
Mauritius,MUS,2018,1.538
Mauritius,MUS,2019,1.541
Mauritius,MUS,2020,1.556
Mauritius,MUS,2021,1.591
Mauritius,MUS,2022,1.575
Mauritius,MUS,2023,1.546
Mexico,MEX,2008,2.115
Mexico,MEX,2009,2.177
Mexico,MEX,2010,2.202
Mexico,MEX,2011,2.326
Mexico,MEX,2012,2.423
Mexico,MEX,2013,2.381
Mexico,MEX,2014,2.291
Mexico,MEX,2015,2.225
Mexico,MEX,2016,2.274
Mexico,MEX,2017,2.388
Mexico,MEX,2018,2.426
Mexico,MEX,2019,2.46
Mexico,MEX,2020,2.565
Mexico,MEX,2021,2.625
Mexico,MEX,2022,2.616
Mexico,MEX,2023,2.599
Moldova,MDA,2008,1.981
Moldova,MDA,2009,1.967
Moldova,MDA,2010,1.992
Moldova,MDA,2011,1.997
Moldova,MDA,2012,1.978
Moldova,MDA,2013,1.939
Moldova,MDA,2014,1.9
Moldova,MDA,2015,1.887
Moldova,MDA,2016,1.93
Moldova,MDA,2017,1.906
Moldova,MDA,2018,1.888
Moldova,MDA,2019,1.919
Moldova,MDA,2020,1.874
Moldova,MDA,2021,1.847
Moldova,MDA,2022,1.881
Moldova,MDA,2023,1.873
Mongolia,MNG,2008,1.977
Mongolia,MNG,2009,1.993
Mongolia,MNG,2010,2.019
Mongolia,MNG,2011,1.846
Mongolia,MNG,2012,1.827
Mongolia,MNG,2013,1.889
Mongolia,MNG,2014,1.744
Mongolia,MNG,2015,1.715
Mongolia,MNG,2016,1.795
Mongolia,MNG,2017,1.727
Mongolia,MNG,2018,1.739
Mongolia,MNG,2019,1.763
Mongolia,MNG,2020,1.751
Mongolia,MNG,2021,1.757
Mongolia,MNG,2022,1.759
Mongolia,MNG,2023,1.765
Montenegro,MNE,2008,2.019
Montenegro,MNE,2009,2.041
Montenegro,MNE,2010,1.996
Montenegro,MNE,2011,2.035
Montenegro,MNE,2012,1.975
Montenegro,MNE,2013,1.777
Montenegro,MNE,2014,1.809
Montenegro,MNE,2015,1.805
Montenegro,MNE,2016,1.763
Montenegro,MNE,2017,1.803
Montenegro,MNE,2018,1.745
Montenegro,MNE,2019,1.81
Montenegro,MNE,2020,1.821
Montenegro,MNE,2021,1.799
Montenegro,MNE,2022,1.826
Montenegro,MNE,2023,1.772
Morocco,MAR,2008,2.001
Morocco,MAR,2009,1.993
Morocco,MAR,2010,1.968
Morocco,MAR,2011,2.036
Morocco,MAR,2012,2.091
Morocco,MAR,2013,2.056
Morocco,MAR,2014,2.085
Morocco,MAR,2015,2.058
Morocco,MAR,2016,2.07
Morocco,MAR,2017,1.959
Morocco,MAR,2018,1.962
Morocco,MAR,2019,2.082
Morocco,MAR,2020,2.09
Morocco,MAR,2021,2.038
Morocco,MAR,2022,2.001
Morocco,MAR,2023,2.02
Mozambique,MOZ,2008,1.798
Mozambique,MOZ,2009,1.865
Mozambique,MOZ,2010,1.839
Mozambique,MOZ,2011,1.961
Mozambique,MOZ,2012,1.834
Mozambique,MOZ,2013,1.896
Mozambique,MOZ,2014,1.974
Mozambique,MOZ,2015,2.012
Mozambique,MOZ,2016,1.974
Mozambique,MOZ,2017,1.989
Mozambique,MOZ,2018,2.114
Mozambique,MOZ,2019,2.069
Mozambique,MOZ,2020,2.133
Mozambique,MOZ,2021,2.136
Mozambique,MOZ,2022,2.256
Mozambique,MOZ,2023,2.259
Myanmar,MMR,2008,2.222
Myanmar,MMR,2009,2.296
Myanmar,MMR,2010,2.207
Myanmar,MMR,2011,2.111
Myanmar,MMR,2012,2.207
Myanmar,MMR,2013,2.223
Myanmar,MMR,2014,2.146
Myanmar,MMR,2015,2.184
Myanmar,MMR,2016,2.041
Myanmar,MMR,2017,2.021
Myanmar,MMR,2018,2.15
Myanmar,MMR,2019,2.26
Myanmar,MMR,2020,2.218
Myanmar,MMR,2021,2.409
Myanmar,MMR,2022,2.612
Myanmar,MMR,2023,2.741
Namibia,NAM,2008,2.042
Namibia,NAM,2009,2.061
Namibia,NAM,2010,2.055
Namibia,NAM,2011,1.989
Namibia,NAM,2012,1.934
Namibia,NAM,2013,1.924
Namibia,NAM,2014,1.888
Namibia,NAM,2015,1.956
Namibia,NAM,2016,1.898
Namibia,NAM,2017,1.847
Namibia,NAM,2018,1.85
Namibia,NAM,2019,1.886
Namibia,NAM,2020,1.827
Namibia,NAM,2021,1.854
Namibia,NAM,2022,1.891
Namibia,NAM,2023,1.859
Nepal,NPL,2008,2.091
Nepal,NPL,2009,1.991
Nepal,NPL,2010,1.949
Nepal,NPL,2011,2.089
Nepal,NPL,2012,1.97
Nepal,NPL,2013,1.995
Nepal,NPL,2014,1.953
Nepal,NPL,2015,1.882
Nepal,NPL,2016,1.982
Nepal,NPL,2017,2.001
Nepal,NPL,2018,2.014
Nepal,NPL,2019,2.001
Nepal,NPL,2020,2.015
Nepal,NPL,2021,2.021
Nepal,NPL,2022,1.967
Nepal,NPL,2023,2.006
Netherlands,NLD,2008,1.533
Netherlands,NLD,2009,1.521
Netherlands,NLD,2010,1.549
Netherlands,NLD,2011,1.528
Netherlands,NLD,2012,1.506
Netherlands,NLD,2013,1.476
Netherlands,NLD,2014,1.481
Netherlands,NLD,2015,1.467
Netherlands,NLD,2016,1.463
Netherlands,NLD,2017,1.473
Netherlands,NLD,2018,1.486
Netherlands,NLD,2019,1.49
Netherlands,NLD,2020,1.532
Netherlands,NLD,2021,1.531
Netherlands,NLD,2022,1.521
Netherlands,NLD,2023,1.49
New Zealand,NZL,2008,1.314
New Zealand,NZL,2009,1.342
New Zealand,NZL,2010,1.316
New Zealand,NZL,2011,1.325
New Zealand,NZL,2012,1.326
New Zealand,NZL,2013,1.314
New Zealand,NZL,2014,1.311
New Zealand,NZL,2015,1.309
New Zealand,NZL,2016,1.289
New Zealand,NZL,2017,1.278
New Zealand,NZL,2018,1.235
New Zealand,NZL,2019,1.285
New Zealand,NZL,2020,1.294
New Zealand,NZL,2021,1.278
New Zealand,NZL,2022,1.316
New Zealand,NZL,2023,1.313
Nicaragua,NIC,2008,1.866
Nicaragua,NIC,2009,1.841
Nicaragua,NIC,2010,1.828
Nicaragua,NIC,2011,1.865
Nicaragua,NIC,2012,1.928
Nicaragua,NIC,2013,1.887
Nicaragua,NIC,2014,1.86
Nicaragua,NIC,2015,1.948
Nicaragua,NIC,2016,1.892
Nicaragua,NIC,2017,1.941
Nicaragua,NIC,2018,1.892
Nicaragua,NIC,2019,2.261
Nicaragua,NIC,2020,2.32
Nicaragua,NIC,2021,2.338
Nicaragua,NIC,2022,2.321
Nicaragua,NIC,2023,2.294
Niger,NER,2008,1.974
Niger,NER,2009,2.088
Niger,NER,2010,2.129
Niger,NER,2011,1.985
Niger,NER,2012,2.054
Niger,NER,2013,1.978
Niger,NER,2014,1.93
Niger,NER,2015,2.205
Niger,NER,2016,2.148
Niger,NER,2017,2.364
Niger,NER,2018,2.381
Niger,NER,2019,2.322
Niger,NER,2020,2.498
Niger,NER,2021,2.579
Niger,NER,2022,2.638
Niger,NER,2023,2.625
Nigeria,NGA,2008,2.345
Nigeria,NGA,2009,2.351
Nigeria,NGA,2010,2.36
Nigeria,NGA,2011,2.346
Nigeria,NGA,2012,2.505
Nigeria,NGA,2013,2.486
Nigeria,NGA,2014,2.594
Nigeria,NGA,2015,2.652
Nigeria,NGA,2016,2.837
Nigeria,NGA,2017,2.816
Nigeria,NGA,2018,2.685
Nigeria,NGA,2019,2.716
Nigeria,NGA,2020,2.746
Nigeria,NGA,2021,2.645
Nigeria,NGA,2022,2.665
Nigeria,NGA,2023,2.713
North Korea,PRK,2008,2.84
North Korea,PRK,2009,2.843
North Korea,PRK,2010,2.891
North Korea,PRK,2011,2.938
North Korea,PRK,2012,2.882
North Korea,PRK,2013,2.893
North Korea,PRK,2014,2.902
North Korea,PRK,2015,2.914
North Korea,PRK,2016,2.884
North Korea,PRK,2017,2.909
North Korea,PRK,2018,2.894
North Korea,PRK,2019,2.865
North Korea,PRK,2020,2.939
North Korea,PRK,2021,2.879
North Korea,PRK,2022,2.894
North Korea,PRK,2023,2.848
North Macedonia,MKD,2008,1.87
North Macedonia,MKD,2009,1.922
North Macedonia,MKD,2010,1.89
North Macedonia,MKD,2011,1.837
North Macedonia,MKD,2012,1.863
North Macedonia,MKD,2013,1.917
North Macedonia,MKD,2014,1.926
North Macedonia,MKD,2015,1.911
North Macedonia,MKD,2016,1.98
North Macedonia,MKD,2017,2.014
North Macedonia,MKD,2018,1.93
North Macedonia,MKD,2019,1.793
North Macedonia,MKD,2020,1.807
North Macedonia,MKD,2021,1.684
North Macedonia,MKD,2022,1.707
North Macedonia,MKD,2023,1.713
Norway,NOR,2008,1.345
Norway,NOR,2009,1.356
Norway,NOR,2010,1.381
Norway,NOR,2011,1.442
Norway,NOR,2012,1.544
Norway,NOR,2013,1.531
Norway,NOR,2014,1.553
Norway,NOR,2015,1.471
Norway,NOR,2016,1.479
Norway,NOR,2017,1.467
Norway,NOR,2018,1.492
Norway,NOR,2019,1.503
Norway,NOR,2020,1.514
Norway,NOR,2021,1.486
Norway,NOR,2022,1.476
Norway,NOR,2023,1.55
Oman,OMN,2008,1.688
Oman,OMN,2009,1.727
Oman,OMN,2010,1.692
Oman,OMN,2011,1.856
Oman,OMN,2012,1.905
Oman,OMN,2013,1.907
Oman,OMN,2014,1.961
Oman,OMN,2015,2.031
Oman,OMN,2016,1.983
Oman,OMN,2017,1.898
Oman,OMN,2018,1.954
Oman,OMN,2019,1.928
Oman,OMN,2020,1.923
Oman,OMN,2021,1.919
Oman,OMN,2022,1.915
Oman,OMN,2023,1.794
Pakistan,PAK,2008,2.629
Pakistan,PAK,2009,2.88
Pakistan,PAK,2010,2.903
Pakistan,PAK,2011,2.901
Pakistan,PAK,2012,2.96
Pakistan,PAK,2013,3.015
Pakistan,PAK,2014,3.015
Pakistan,PAK,2015,2.97
Pakistan,PAK,2016,2.985
Pakistan,PAK,2017,2.878
Pakistan,PAK,2018,2.839
Pakistan,PAK,2019,2.799
Pakistan,PAK,2020,2.811
Pakistan,PAK,2021,2.821
Pakistan,PAK,2022,2.792
Pakistan,PAK,2023,2.745
Palestine,PSE,2016,2.507
Palestine,PSE,2017,2.449
Palestine,PSE,2018,2.436
Palestine,PSE,2019,2.418
Palestine,PSE,2020,2.488
Palestine,PSE,2021,2.427
Palestine,PSE,2022,2.405
Palestine,PSE,2023,2.538
Panama,PAN,2008,1.77
Panama,PAN,2009,1.747
Panama,PAN,2010,1.867
Panama,PAN,2011,1.811
Panama,PAN,2012,1.854
Panama,PAN,2013,1.801
Panama,PAN,2014,1.844
Panama,PAN,2015,1.92
Panama,PAN,2016,1.839
Panama,PAN,2017,1.81
Panama,PAN,2018,1.828
Panama,PAN,2019,1.815
Panama,PAN,2020,1.87
Panama,PAN,2021,1.883
Panama,PAN,2022,1.879
Panama,PAN,2023,1.942
Papua New Guinea,PNG,2008,1.958
Papua New Guinea,PNG,2009,1.935
Papua New Guinea,PNG,2010,1.914
Papua New Guinea,PNG,2011,1.969
Papua New Guinea,PNG,2012,1.955
Papua New Guinea,PNG,2013,1.935
Papua New Guinea,PNG,2014,1.94
Papua New Guinea,PNG,2015,1.904
Papua New Guinea,PNG,2016,1.956
Papua New Guinea,PNG,2017,1.93
Papua New Guinea,PNG,2018,1.952
Papua New Guinea,PNG,2019,1.939
Papua New Guinea,PNG,2020,1.965
Papua New Guinea,PNG,2021,2.03
Papua New Guinea,PNG,2022,2.027
Papua New Guinea,PNG,2023,2.095
Paraguay,PRY,2008,1.842
Paraguay,PRY,2009,1.896
Paraguay,PRY,2010,1.959
Paraguay,PRY,2011,1.917
Paraguay,PRY,2012,1.963
Paraguay,PRY,2013,2.065
Paraguay,PRY,2014,1.988
Paraguay,PRY,2015,2.048
Paraguay,PRY,2016,2.02
Paraguay,PRY,2017,2.006
Paraguay,PRY,2018,2.021
Paraguay,PRY,2019,2.096
Paraguay,PRY,2020,2.005
Paraguay,PRY,2021,2.005
Paraguay,PRY,2022,1.989
Paraguay,PRY,2023,1.942
Peru,PER,2008,1.982
Peru,PER,2009,1.954
Peru,PER,2010,2.016
Peru,PER,2011,1.98
Peru,PER,2012,2.017
Peru,PER,2013,2.001
Peru,PER,2014,1.956
Peru,PER,2015,1.999
Peru,PER,2016,1.963
Peru,PER,2017,1.947
Peru,PER,2018,1.925
Peru,PER,2019,1.939
Peru,PER,2020,1.993
Peru,PER,2021,2.022
Peru,PER,2022,2.122
Peru,PER,2023,2.13
Philippines,PHL,2008,2.148
Philippines,PHL,2009,2.227
Philippines,PHL,2010,2.214
Philippines,PHL,2011,2.226
Philippines,PHL,2012,2.287
Philippines,PHL,2013,2.266
Philippines,PHL,2014,2.311
Philippines,PHL,2015,2.329
Philippines,PHL,2016,2.319
Philippines,PHL,2017,2.385
Philippines,PHL,2018,2.376
Philippines,PHL,2019,2.407
Philippines,PHL,2020,2.305
Philippines,PHL,2021,2.34
Philippines,PHL,2022,2.288
Philippines,PHL,2023,2.229
Poland,POL,2008,1.555
Poland,POL,2009,1.589
Poland,POL,2010,1.627
Poland,POL,2011,1.534
Poland,POL,2012,1.516
Poland,POL,2013,1.5
Poland,POL,2014,1.484
Poland,POL,2015,1.458
Poland,POL,2016,1.511
Poland,POL,2017,1.584
Poland,POL,2018,1.606
Poland,POL,2019,1.58
Poland,POL,2020,1.595
Poland,POL,2021,1.505
Poland,POL,2022,1.54
Poland,POL,2023,1.634
Portugal,PRT,2008,1.344
Portugal,PRT,2009,1.356
Portugal,PRT,2010,1.396
Portugal,PRT,2011,1.434
Portugal,PRT,2012,1.457
Portugal,PRT,2013,1.469
Portugal,PRT,2014,1.417
Portugal,PRT,2015,1.39
Portugal,PRT,2016,1.301
Portugal,PRT,2017,1.279
Portugal,PRT,2018,1.309
Portugal,PRT,2019,1.277
Portugal,PRT,2020,1.279
Portugal,PRT,2021,1.336
Portugal,PRT,2022,1.334
Portugal,PRT,2023,1.333
Qatar,QAT,2008,1.459
Qatar,QAT,2009,1.422
Qatar,QAT,2010,1.477
Qatar,QAT,2011,1.477
Qatar,QAT,2012,1.535
Qatar,QAT,2013,1.569
Qatar,QAT,2014,1.535
Qatar,QAT,2015,1.619
Qatar,QAT,2016,1.58
Qatar,QAT,2017,1.543
Qatar,QAT,2018,1.751
Qatar,QAT,2019,1.639
Qatar,QAT,2020,1.651
Qatar,QAT,2021,1.601
Qatar,QAT,2022,1.535
Qatar,QAT,2023,1.524
Republic of the Congo,COG,2008,2.148
Republic of the Congo,COG,2009,2.083
Republic of the Congo,COG,2010,2.107
Republic of the Congo,COG,2011,2.066
Republic of the Congo,COG,2012,2.058
Republic of the Congo,COG,2013,2.073
Republic of the Congo,COG,2014,2.117
Republic of the Congo,COG,2015,2.152
Republic of the Congo,COG,2016,2.23
Republic of the Congo,COG,2017,2.271
Republic of the Congo,COG,2018,2.304
Republic of the Congo,COG,2019,2.238
Republic of the Congo,COG,2020,2.243
Republic of the Congo,COG,2021,2.269
Republic of the Congo,COG,2022,2.223
Republic of the Congo,COG,2023,2.21
Romania,ROU,2008,1.541
Romania,ROU,2009,1.536
Romania,ROU,2010,1.593
Romania,ROU,2011,1.568
Romania,ROU,2012,1.55
Romania,ROU,2013,1.55
Romania,ROU,2014,1.528
Romania,ROU,2015,1.505
Romania,ROU,2016,1.546
Romania,ROU,2017,1.529
Romania,ROU,2018,1.507
Romania,ROU,2019,1.543
Romania,ROU,2020,1.554
Romania,ROU,2021,1.559
Romania,ROU,2022,1.666
Romania,ROU,2023,1.649
Russia,RUS,2008,2.915
Russia,RUS,2009,2.991
Russia,RUS,2010,2.946
Russia,RUS,2011,2.884
Russia,RUS,2012,2.863
Russia,RUS,2013,2.862
Russia,RUS,2014,2.971
Russia,RUS,2015,2.984
Russia,RUS,2016,2.979
Russia,RUS,2017,2.97
Russia,RUS,2018,3.077
Russia,RUS,2019,3.043
Russia,RUS,2020,2.971
Russia,RUS,2021,2.973
Russia,RUS,2022,2.994
Russia,RUS,2023,3.142
Rwanda,RWA,2008,1.916
Rwanda,RWA,2009,1.906
Rwanda,RWA,2010,1.966
Rwanda,RWA,2011,2.124
Rwanda,RWA,2012,2.149
Rwanda,RWA,2013,2.232
Rwanda,RWA,2014,2.271
Rwanda,RWA,2015,2.184
Rwanda,RWA,2016,2.191
Rwanda,RWA,2017,2.067
Rwanda,RWA,2018,2.204
Rwanda,RWA,2019,1.95
Rwanda,RWA,2020,1.968
Rwanda,RWA,2021,2.061
Rwanda,RWA,2022,2.039
Rwanda,RWA,2023,2.051
Saudi Arabia,SAU,2008,2.136
Saudi Arabia,SAU,2009,2.086
Saudi Arabia,SAU,2010,2.26
Saudi Arabia,SAU,2011,2.161
Saudi Arabia,SAU,2012,2.259
Saudi Arabia,SAU,2013,2.162
Saudi Arabia,SAU,2014,2.054
Saudi Arabia,SAU,2015,2.081
Saudi Arabia,SAU,2016,2.205
Saudi Arabia,SAU,2017,2.389
Saudi Arabia,SAU,2018,2.448
Saudi Arabia,SAU,2019,2.405
Saudi Arabia,SAU,2020,2.369
Saudi Arabia,SAU,2021,2.377
Saudi Arabia,SAU,2022,2.322
Saudi Arabia,SAU,2023,2.26
Senegal,SEN,2008,1.94
Senegal,SEN,2009,1.852
Senegal,SEN,2010,1.931
Senegal,SEN,2011,1.933
Senegal,SEN,2012,1.912
Senegal,SEN,2013,1.948
Senegal,SEN,2014,1.872
Senegal,SEN,2015,1.796
Senegal,SEN,2016,1.798
Senegal,SEN,2017,1.808
Senegal,SEN,2018,1.717
Senegal,SEN,2019,1.783
Senegal,SEN,2020,1.754
Senegal,SEN,2021,1.798
Senegal,SEN,2022,1.851
Senegal,SEN,2023,1.827
Serbia,SRB,2008,1.901
Serbia,SRB,2009,1.971
Serbia,SRB,2010,1.976
Serbia,SRB,2011,1.961
Serbia,SRB,2012,1.992
Serbia,SRB,2013,1.959
Serbia,SRB,2014,1.893
Serbia,SRB,2015,1.82
Serbia,SRB,2016,1.761
Serbia,SRB,2017,1.807
Serbia,SRB,2018,1.78
Serbia,SRB,2019,1.751
Serbia,SRB,2020,1.8
Serbia,SRB,2021,1.802
Serbia,SRB,2022,1.862
Serbia,SRB,2023,1.921
Sierra Leone,SLE,2008,1.806
Sierra Leone,SLE,2009,1.777
Sierra Leone,SLE,2010,1.824
Sierra Leone,SLE,2011,1.819
Sierra Leone,SLE,2012,1.866
Sierra Leone,SLE,2013,1.825
Sierra Leone,SLE,2014,1.81
Sierra Leone,SLE,2015,1.808
Sierra Leone,SLE,2016,1.76
Sierra Leone,SLE,2017,1.748
Sierra Leone,SLE,2018,1.725
Sierra Leone,SLE,2019,1.817
Sierra Leone,SLE,2020,1.864
Sierra Leone,SLE,2021,1.844
Sierra Leone,SLE,2022,1.803
Sierra Leone,SLE,2023,1.792
Singapore,SGP,2008,1.544
Singapore,SGP,2009,1.523
Singapore,SGP,2010,1.488
Singapore,SGP,2011,1.444
Singapore,SGP,2012,1.445
Singapore,SGP,2013,1.47
Singapore,SGP,2014,1.435
Singapore,SGP,2015,1.353
Singapore,SGP,2016,1.391
Singapore,SGP,2017,1.398
Singapore,SGP,2018,1.395
Singapore,SGP,2019,1.346
Singapore,SGP,2020,1.327
Singapore,SGP,2021,1.341
Singapore,SGP,2022,1.345
Singapore,SGP,2023,1.332
Slovakia,SVK,2008,1.527
Slovakia,SVK,2009,1.524
Slovakia,SVK,2010,1.541
Slovakia,SVK,2011,1.584
Slovakia,SVK,2012,1.602
Slovakia,SVK,2013,1.58
Slovakia,SVK,2014,1.533
Slovakia,SVK,2015,1.513
Slovakia,SVK,2016,1.578
Slovakia,SVK,2017,1.599
Slovakia,SVK,2018,1.539
Slovakia,SVK,2019,1.519
Slovakia,SVK,2020,1.539
Slovakia,SVK,2021,1.548
Slovakia,SVK,2022,1.508
Slovakia,SVK,2023,1.578
Slovenia,SVN,2008,1.336
Slovenia,SVN,2009,1.342
Slovenia,SVN,2010,1.35
Slovenia,SVN,2011,1.348
Slovenia,SVN,2012,1.39
Slovenia,SVN,2013,1.385
Slovenia,SVN,2014,1.384
Slovenia,SVN,2015,1.379
Slovenia,SVN,2016,1.342
Slovenia,SVN,2017,1.339
Slovenia,SVN,2018,1.354
Slovenia,SVN,2019,1.319
Slovenia,SVN,2020,1.308
Slovenia,SVN,2021,1.298
Slovenia,SVN,2022,1.31
Slovenia,SVN,2023,1.334
Somalia,SOM,2008,3.075
Somalia,SOM,2009,3.151
Somalia,SOM,2010,3.212
Somalia,SOM,2011,3.088
Somalia,SOM,2012,3.158
Somalia,SOM,2013,3.104
Somalia,SOM,2014,3.131
Somalia,SOM,2015,3.086
Somalia,SOM,2016,3.118
Somalia,SOM,2017,3.039
Somalia,SOM,2018,3.083
Somalia,SOM,2019,3.005
Somalia,SOM,2020,3.053
Somalia,SOM,2021,3.1
Somalia,SOM,2022,3.068
Somalia,SOM,2023,3.036
South Africa,ZAF,2008,2.179
South Africa,ZAF,2009,2.391
South Africa,ZAF,2010,2.38
South Africa,ZAF,2011,2.352
South Africa,ZAF,2012,2.348
South Africa,ZAF,2013,2.327
South Africa,ZAF,2014,2.356
South Africa,ZAF,2015,2.416
South Africa,ZAF,2016,2.327
South Africa,ZAF,2017,2.319
South Africa,ZAF,2018,2.32
South Africa,ZAF,2019,2.442
South Africa,ZAF,2020,2.358
South Africa,ZAF,2021,2.358
South Africa,ZAF,2022,2.305
South Africa,ZAF,2023,2.405
South Korea,KOR,2008,1.722
South Korea,KOR,2009,1.774
South Korea,KOR,2010,1.811
South Korea,KOR,2011,1.885
South Korea,KOR,2012,1.807
South Korea,KOR,2013,1.784
South Korea,KOR,2014,1.768
South Korea,KOR,2015,1.746
South Korea,KOR,2016,1.788
South Korea,KOR,2017,1.776
South Korea,KOR,2018,1.795
South Korea,KOR,2019,1.794
South Korea,KOR,2020,1.747
South Korea,KOR,2021,1.814
South Korea,KOR,2022,1.791
South Korea,KOR,2023,1.763
South Sudan,SSD,2012,2.481
South Sudan,SSD,2013,2.752
South Sudan,SSD,2014,3.088
South Sudan,SSD,2015,3.262
South Sudan,SSD,2016,3.275
South Sudan,SSD,2017,3.242
South Sudan,SSD,2018,3.279
South Sudan,SSD,2019,3.272
South Sudan,SSD,2020,3.278
South Sudan,SSD,2021,3.21
South Sudan,SSD,2022,3.191
South Sudan,SSD,2023,3.221
Spain,ESP,2008,1.629
Spain,ESP,2009,1.693
Spain,ESP,2010,1.705
Spain,ESP,2011,1.665
Spain,ESP,2012,1.574
Spain,ESP,2013,1.578
Spain,ESP,2014,1.519
Spain,ESP,2015,1.49
Spain,ESP,2016,1.495
Spain,ESP,2017,1.471
Spain,ESP,2018,1.606
Spain,ESP,2019,1.677
Spain,ESP,2020,1.605
Spain,ESP,2021,1.627
Spain,ESP,2022,1.637
Spain,ESP,2023,1.649
Sri Lanka,LKA,2008,2.438
Sri Lanka,LKA,2009,2.505
Sri Lanka,LKA,2010,2.609
Sri Lanka,LKA,2011,2.529
Sri Lanka,LKA,2012,2.236
Sri Lanka,LKA,2013,2.196
Sri Lanka,LKA,2014,2.101
Sri Lanka,LKA,2015,2.142
Sri Lanka,LKA,2016,2.041
Sri Lanka,LKA,2017,1.92
Sri Lanka,LKA,2018,1.934
Sri Lanka,LKA,2019,1.989
Sri Lanka,LKA,2020,2.039
Sri Lanka,LKA,2021,2.144
Sri Lanka,LKA,2022,2.027
Sri Lanka,LKA,2023,2.136
Sudan,SDN,2008,3.081
Sudan,SDN,2009,3.058
Sudan,SDN,2010,2.944
Sudan,SDN,2011,2.98
Sudan,SDN,2012,3.04
Sudan,SDN,2013,3.009
Sudan,SDN,2014,3.114
Sudan,SDN,2015,3.053
Sudan,SDN,2016,3.044
Sudan,SDN,2017,2.959
Sudan,SDN,2018,2.926
Sudan,SDN,2019,2.777
Sudan,SDN,2020,2.867
Sudan,SDN,2021,2.88
Sudan,SDN,2022,2.994
Sudan,SDN,2023,3.023
Sweden,SWE,2008,1.411
Sweden,SWE,2009,1.421
Sweden,SWE,2010,1.441
Sweden,SWE,2011,1.439
Sweden,SWE,2012,1.427
Sweden,SWE,2013,1.427
Sweden,SWE,2014,1.397
Sweden,SWE,2015,1.39
Sweden,SWE,2016,1.441
Sweden,SWE,2017,1.508
Sweden,SWE,2018,1.482
Sweden,SWE,2019,1.523
Sweden,SWE,2020,1.512
Sweden,SWE,2021,1.521
Sweden,SWE,2022,1.591
Sweden,SWE,2023,1.625
Switzerland,CHE,2008,1.448
Switzerland,CHE,2009,1.471
Switzerland,CHE,2010,1.461
Switzerland,CHE,2011,1.435
Switzerland,CHE,2012,1.404
Switzerland,CHE,2013,1.39
Switzerland,CHE,2014,1.371
Switzerland,CHE,2015,1.36
Switzerland,CHE,2016,1.355
Switzerland,CHE,2017,1.342
Switzerland,CHE,2018,1.4
Switzerland,CHE,2019,1.373
Switzerland,CHE,2020,1.365
Switzerland,CHE,2021,1.378
Switzerland,CHE,2022,1.362
Switzerland,CHE,2023,1.339
Syria,SYR,2008,2.09
Syria,SYR,2009,2.189
Syria,SYR,2010,2.211
Syria,SYR,2011,2.216
Syria,SYR,2012,2.607
Syria,SYR,2013,3.221
Syria,SYR,2014,3.301
Syria,SYR,2015,3.295
Syria,SYR,2016,3.33
Syria,SYR,2017,3.379
Syria,SYR,2018,3.346
Syria,SYR,2019,3.298
Syria,SYR,2020,3.299
Syria,SYR,2021,3.281
Syria,SYR,2022,3.371
Syria,SYR,2023,3.294
Taiwan,TWN,2008,1.814
Taiwan,TWN,2009,1.785
Taiwan,TWN,2010,1.709
Taiwan,TWN,2011,1.684
Taiwan,TWN,2012,1.623
Taiwan,TWN,2013,1.615
Taiwan,TWN,2014,1.606
Taiwan,TWN,2015,1.704
Taiwan,TWN,2016,1.708
Taiwan,TWN,2017,1.72
Taiwan,TWN,2018,1.733
Taiwan,TWN,2019,1.718
Taiwan,TWN,2020,1.683
Taiwan,TWN,2021,1.66
Taiwan,TWN,2022,1.647
Taiwan,TWN,2023,1.649
Tajikistan,TJK,2008,2.21
Tajikistan,TJK,2009,2.175
Tajikistan,TJK,2010,2.132
Tajikistan,TJK,2011,2.113
Tajikistan,TJK,2012,2.17
Tajikistan,TJK,2013,2.208
Tajikistan,TJK,2014,2.175
Tajikistan,TJK,2015,2.101
Tajikistan,TJK,2016,2.072
Tajikistan,TJK,2017,2.052
Tajikistan,TJK,2018,2.067
Tajikistan,TJK,2019,2.144
Tajikistan,TJK,2020,2.138
Tajikistan,TJK,2021,2.043
Tajikistan,TJK,2022,2.057
Tajikistan,TJK,2023,2.114
Tanzania,TZA,2008,1.735
Tanzania,TZA,2009,1.74
Tanzania,TZA,2010,1.773
Tanzania,TZA,2011,1.789
Tanzania,TZA,2012,1.765
Tanzania,TZA,2013,1.798
Tanzania,TZA,2014,1.814
Tanzania,TZA,2015,1.874
Tanzania,TZA,2016,1.891
Tanzania,TZA,2017,1.835
Tanzania,TZA,2018,1.932
Tanzania,TZA,2019,1.916
Tanzania,TZA,2020,1.902
Tanzania,TZA,2021,1.963
Tanzania,TZA,2022,2.051
Tanzania,TZA,2023,2.058
Thailand,THA,2008,2.244
Thailand,THA,2009,2.325
Thailand,THA,2010,2.29
Thailand,THA,2011,2.305
Thailand,THA,2012,2.315
Thailand,THA,2013,2.277
Thailand,THA,2014,2.304
Thailand,THA,2015,2.266
Thailand,THA,2016,2.161
Thailand,THA,2017,2.189
Thailand,THA,2018,2.147
Thailand,THA,2019,2.181
Thailand,THA,2020,2.178
Thailand,THA,2021,2.154
Thailand,THA,2022,2.131
Thailand,THA,2023,2.061
The Gambia,GMB,2008,1.883
The Gambia,GMB,2009,1.883
The Gambia,GMB,2010,1.864
The Gambia,GMB,2011,1.927
The Gambia,GMB,2012,2.002
The Gambia,GMB,2013,2.018
The Gambia,GMB,2014,2.047
The Gambia,GMB,2015,2.062
The Gambia,GMB,2016,2.04
The Gambia,GMB,2017,2.178
The Gambia,GMB,2018,1.988
The Gambia,GMB,2019,1.909
The Gambia,GMB,2020,1.931
The Gambia,GMB,2021,1.874
The Gambia,GMB,2022,1.83
The Gambia,GMB,2023,1.888
Timor-Leste,TLS,2008,2.019
Timor-Leste,TLS,2009,1.913
Timor-Leste,TLS,2010,1.862
Timor-Leste,TLS,2011,1.792
Timor-Leste,TLS,2012,1.812
Timor-Leste,TLS,2013,1.798
Timor-Leste,TLS,2014,1.833
Timor-Leste,TLS,2015,1.861
Timor-Leste,TLS,2016,1.83
Timor-Leste,TLS,2017,1.794
Timor-Leste,TLS,2018,1.823
Timor-Leste,TLS,2019,1.759
Timor-Leste,TLS,2020,1.798
Timor-Leste,TLS,2021,1.79
Timor-Leste,TLS,2022,1.837
Timor-Leste,TLS,2023,1.796
Togo,TGO,2008,1.895
Togo,TGO,2009,1.893
Togo,TGO,2010,1.873
Togo,TGO,2011,1.893
Togo,TGO,2012,1.872
Togo,TGO,2013,1.872
Togo,TGO,2014,1.912
Togo,TGO,2015,1.833
Togo,TGO,2016,1.887
Togo,TGO,2017,1.859
Togo,TGO,2018,2.019
Togo,TGO,2019,2.106
Togo,TGO,2020,2.105
Togo,TGO,2021,2.17
Togo,TGO,2022,2.134
Togo,TGO,2023,2.13
Trinidad and Tobago,TTO,2008,2.078
Trinidad and Tobago,TTO,2009,2.049
Trinidad and Tobago,TTO,2010,2.119
Trinidad and Tobago,TTO,2011,2.096
Trinidad and Tobago,TTO,2012,2.16
Trinidad and Tobago,TTO,2013,2.031
Trinidad and Tobago,TTO,2014,2.002
Trinidad and Tobago,TTO,2015,2.024
Trinidad and Tobago,TTO,2016,2.021
Trinidad and Tobago,TTO,2017,2.067
Trinidad and Tobago,TTO,2018,2.019
Trinidad and Tobago,TTO,2019,2.045
Trinidad and Tobago,TTO,2020,2.016
Trinidad and Tobago,TTO,2021,2.024
Trinidad and Tobago,TTO,2022,1.979
Trinidad and Tobago,TTO,2023,1.946
Tunisia,TUN,2008,1.734
Tunisia,TUN,2009,1.778
Tunisia,TUN,2010,1.711
Tunisia,TUN,2011,1.854
Tunisia,TUN,2012,1.988
Tunisia,TUN,2013,2.037
Tunisia,TUN,2014,2.034
Tunisia,TUN,2015,2.008
Tunisia,TUN,2016,1.95
Tunisia,TUN,2017,1.972
Tunisia,TUN,2018,2.011
Tunisia,TUN,2019,1.928
Tunisia,TUN,2020,1.956
Tunisia,TUN,2021,1.964
Tunisia,TUN,2022,1.998
Tunisia,TUN,2023,2.01
Turkiye,TUR,2008,2.354
Turkiye,TUR,2009,2.466
Turkiye,TUR,2010,2.441
Turkiye,TUR,2011,2.347
Turkiye,TUR,2012,2.311
Turkiye,TUR,2013,2.405
Turkiye,TUR,2014,2.376
Turkiye,TUR,2015,2.355
Turkiye,TUR,2016,2.432
Turkiye,TUR,2017,2.628
Turkiye,TUR,2018,2.753
Turkiye,TUR,2019,2.736
Turkiye,TUR,2020,2.758
Turkiye,TUR,2021,2.731
Turkiye,TUR,2022,2.755
Turkiye,TUR,2023,2.8
Turkmenistan,TKM,2008,2.041
Turkmenistan,TKM,2009,2.028
Turkmenistan,TKM,2010,2.125
Turkmenistan,TKM,2011,2.152
Turkmenistan,TKM,2012,2.222
Turkmenistan,TKM,2013,2.184
Turkmenistan,TKM,2014,2.147
Turkmenistan,TKM,2015,2.108
Turkmenistan,TKM,2016,2.124
Turkmenistan,TKM,2017,2.207
Turkmenistan,TKM,2018,2.205
Turkmenistan,TKM,2019,2.223
Turkmenistan,TKM,2020,2.189
Turkmenistan,TKM,2021,2.136
Turkmenistan,TKM,2022,2.125
Turkmenistan,TKM,2023,2.107
Uganda,UGA,2008,2.412
Uganda,UGA,2009,2.342
Uganda,UGA,2010,2.228
Uganda,UGA,2011,2.277
Uganda,UGA,2012,2.296
Uganda,UGA,2013,2.179
Uganda,UGA,2014,2.208
Uganda,UGA,2015,2.262
Uganda,UGA,2016,2.191
Uganda,UGA,2017,2.186
Uganda,UGA,2018,2.263
Uganda,UGA,2019,2.238
Uganda,UGA,2020,2.345
Uganda,UGA,2021,2.326
Uganda,UGA,2022,2.346
Uganda,UGA,2023,2.3
Ukraine,UKR,2008,2.088
Ukraine,UKR,2009,2.174
Ukraine,UKR,2010,2.19
Ukraine,UKR,2011,2.118
Ukraine,UKR,2012,2.087
Ukraine,UKR,2013,2.199
Ukraine,UKR,2014,2.478
Ukraine,UKR,2015,2.723
Ukraine,UKR,2016,2.964
Ukraine,UKR,2017,2.925
Ukraine,UKR,2018,2.793
Ukraine,UKR,2019,2.752
Ukraine,UKR,2020,2.724
Ukraine,UKR,2021,2.524
Ukraine,UKR,2022,2.686
Ukraine,UKR,2023,3.043
United Arab Emirates,ARE,2008,1.651
United Arab Emirates,ARE,2009,1.627
United Arab Emirates,ARE,2010,1.647
United Arab Emirates,ARE,2011,1.642
United Arab Emirates,ARE,2012,1.7
United Arab Emirates,ARE,2013,1.665
United Arab Emirates,ARE,2014,1.735
United Arab Emirates,ARE,2015,1.793
United Arab Emirates,ARE,2016,1.826
United Arab Emirates,ARE,2017,1.929
United Arab Emirates,ARE,2018,1.892
United Arab Emirates,ARE,2019,1.886
United Arab Emirates,ARE,2020,2.022
United Arab Emirates,ARE,2021,1.98
United Arab Emirates,ARE,2022,1.979
United Arab Emirates,ARE,2023,1.979
United Kingdom,GBR,2008,1.745
United Kingdom,GBR,2009,1.759
United Kingdom,GBR,2010,1.74
United Kingdom,GBR,2011,1.741
United Kingdom,GBR,2012,1.713
United Kingdom,GBR,2013,1.715
United Kingdom,GBR,2014,1.706
United Kingdom,GBR,2015,1.714
United Kingdom,GBR,2016,1.712
United Kingdom,GBR,2017,1.721
United Kingdom,GBR,2018,1.78
United Kingdom,GBR,2019,1.711
United Kingdom,GBR,2020,1.778
United Kingdom,GBR,2021,1.708
United Kingdom,GBR,2022,1.699
United Kingdom,GBR,2023,1.693
United States of America,USA,2008,2.26
United States of America,USA,2009,2.352
United States of America,USA,2010,2.301
United States of America,USA,2011,2.265
United States of America,USA,2012,2.269
United States of America,USA,2013,2.247
United States of America,USA,2014,2.234
United States of America,USA,2015,2.234
United States of America,USA,2016,2.205
United States of America,USA,2017,2.314
United States of America,USA,2018,2.301
United States of America,USA,2019,2.395
United States of America,USA,2020,2.372
United States of America,USA,2021,2.539
United States of America,USA,2022,2.439
United States of America,USA,2023,2.448
Uruguay,URY,2008,1.656
Uruguay,URY,2009,1.665
Uruguay,URY,2010,1.664
Uruguay,URY,2011,1.571
Uruguay,URY,2012,1.602
Uruguay,URY,2013,1.622
Uruguay,URY,2014,1.629
Uruguay,URY,2015,1.661
Uruguay,URY,2016,1.648
Uruguay,URY,2017,1.639
Uruguay,URY,2018,1.729
Uruguay,URY,2019,1.679
Uruguay,URY,2020,1.688
Uruguay,URY,2021,1.782
Uruguay,URY,2022,1.791
Uruguay,URY,2023,1.798
Uzbekistan,UZB,2008,2.137
Uzbekistan,UZB,2009,2.126
Uzbekistan,UZB,2010,2.219
Uzbekistan,UZB,2011,2.251
Uzbekistan,UZB,2012,2.261
Uzbekistan,UZB,2013,2.224
Uzbekistan,UZB,2014,2.145
Uzbekistan,UZB,2015,2.12
Uzbekistan,UZB,2016,2.082
Uzbekistan,UZB,2017,2.034
Uzbekistan,UZB,2018,2.03
Uzbekistan,UZB,2019,2.044
Uzbekistan,UZB,2020,2.07
Uzbekistan,UZB,2021,2.058
Uzbekistan,UZB,2022,2.01
Uzbekistan,UZB,2023,2.033
Venezuela,VEN,2008,2.263
Venezuela,VEN,2009,2.284
Venezuela,VEN,2010,2.419
Venezuela,VEN,2011,2.421
Venezuela,VEN,2012,2.304
Venezuela,VEN,2013,2.287
Venezuela,VEN,2014,2.448
Venezuela,VEN,2015,2.485
Venezuela,VEN,2016,2.622
Venezuela,VEN,2017,2.65
Venezuela,VEN,2018,2.719
Venezuela,VEN,2019,2.734
Venezuela,VEN,2020,2.701
Venezuela,VEN,2021,2.757
Venezuela,VEN,2022,2.683
Venezuela,VEN,2023,2.693
Vietnam,VNM,2008,1.795
Vietnam,VNM,2009,1.825
Vietnam,VNM,2010,1.847
Vietnam,VNM,2011,1.849
Vietnam,VNM,2012,1.926
Vietnam,VNM,2013,1.872
Vietnam,VNM,2014,1.835
Vietnam,VNM,2015,1.899
Vietnam,VNM,2016,1.871
Vietnam,VNM,2017,1.886
Vietnam,VNM,2018,1.906
Vietnam,VNM,2019,1.902
Vietnam,VNM,2020,1.96
Vietnam,VNM,2021,1.828
Vietnam,VNM,2022,1.789
Vietnam,VNM,2023,1.745
Yemen,YEM,2008,2.357
Yemen,YEM,2009,2.438
Yemen,YEM,2010,2.527
Yemen,YEM,2011,2.561
Yemen,YEM,2012,2.592
Yemen,YEM,2013,2.539
Yemen,YEM,2014,2.575
Yemen,YEM,2015,2.765
Yemen,YEM,2016,3.049
Yemen,YEM,2017,3.184
Yemen,YEM,2018,3.195
Yemen,YEM,2019,3.34
Yemen,YEM,2020,3.34
Yemen,YEM,2021,3.351
Yemen,YEM,2022,3.404
Yemen,YEM,2023,3.35
Zambia,ZMB,2008,1.909
Zambia,ZMB,2009,1.851
Zambia,ZMB,2010,1.859
Zambia,ZMB,2011,1.762
Zambia,ZMB,2012,1.814
Zambia,ZMB,2013,1.715
Zambia,ZMB,2014,1.8
Zambia,ZMB,2015,1.818
Zambia,ZMB,2016,1.794
Zambia,ZMB,2017,1.779
Zambia,ZMB,2018,1.795
Zambia,ZMB,2019,1.773
Zambia,ZMB,2020,1.819
Zambia,ZMB,2021,1.94
Zambia,ZMB,2022,1.871
Zambia,ZMB,2023,1.898
Zimbabwe,ZWE,2008,2.338
Zimbabwe,ZWE,2009,2.588
Zimbabwe,ZWE,2010,2.522
Zimbabwe,ZWE,2011,2.39
Zimbabwe,ZWE,2012,2.344
Zimbabwe,ZWE,2013,2.328
Zimbabwe,ZWE,2014,2.225
Zimbabwe,ZWE,2015,2.158
Zimbabwe,ZWE,2016,2.139
Zimbabwe,ZWE,2017,2.164
Zimbabwe,ZWE,2018,2.2
Zimbabwe,ZWE,2019,2.31
Zimbabwe,ZWE,2020,2.322
Zimbabwe,ZWE,2021,2.306
Zimbabwe,ZWE,2022,2.326
Zimbabwe,ZWE,2023,2.3
